"year","region","site","sample","sampleID","taxonL","abundance"
2014,"choked","choked_inner","11","choked_inner_11","Ampithoidae",1
2014,"choked","choked_inner","11","choked_inner_11","Aoroides",39
2014,"choked","choked_inner","11","choked_inner_11","Caprella.californica",86
2014,"choked","choked_inner","11","choked_inner_11","Caprella.mutica",3
2014,"choked","choked_inner","11","choked_inner_11","Eogammarus.confervicolus",3
2014,"choked","choked_inner","11","choked_inner_11","Idoteidae",12
2014,"choked","choked_inner","11","choked_inner_11","Lacuna",19
2014,"choked","choked_inner","11","choked_inner_11","Minolia.peramabilis",1
2014,"choked","choked_inner","11","choked_inner_11","Monocorophium",3
2014,"choked","choked_inner","11","choked_inner_11","Mytilidae",4
2014,"choked","choked_inner","11","choked_inner_11","Paracerceis.cordata",1
2014,"choked","choked_inner","11","choked_inner_11","Photis",43
2014,"choked","choked_inner","11","choked_inner_11","Phyllaplysia.taylori",1
2014,"choked","choked_inner","11","choked_inner_11","Platynereis",1
2014,"choked","choked_inner","11","choked_inner_11","Pontogeneia.rostrata",17
2014,"choked","choked_inner","11","choked_inner_11","Tegula.funebralis",20
2014,"choked","choked_inner","11B","choked_inner_11B","Ampithoidae",3
2014,"choked","choked_inner","11B","choked_inner_11B","Aoroides",98
2014,"choked","choked_inner","11B","choked_inner_11B","Caprella.californica",330
2014,"choked","choked_inner","11B","choked_inner_11B","Caprella.mutica",5
2014,"choked","choked_inner","11B","choked_inner_11B","Eogammarus.confervicolus",2
2014,"choked","choked_inner","11B","choked_inner_11B","Exogone",4
2014,"choked","choked_inner","11B","choked_inner_11B","Harpacticoida",30
2014,"choked","choked_inner","11B","choked_inner_11B","Idoteidae",9
2014,"choked","choked_inner","11B","choked_inner_11B","Lacuna",182
2014,"choked","choked_inner","11B","choked_inner_11B","Mytilidae",34
2014,"choked","choked_inner","11B","choked_inner_11B","Paracerceis.cordata",66
2014,"choked","choked_inner","11B","choked_inner_11B","Photis",407
2014,"choked","choked_inner","11B","choked_inner_11B","Pontogeneia.rostrata",101
2014,"choked","choked_inner","4","choked_inner_4","Ampithoidae",2
2014,"choked","choked_inner","4","choked_inner_4","Aoroides",200
2014,"choked","choked_inner","4","choked_inner_4","Caprella.californica",41
2014,"choked","choked_inner","4","choked_inner_4","Caprella.mutica",7
2014,"choked","choked_inner","4","choked_inner_4","Idoteidae",40
2014,"choked","choked_inner","4","choked_inner_4","Lacuna",55
2014,"choked","choked_inner","4","choked_inner_4","Monocorophium",2
2014,"choked","choked_inner","4","choked_inner_4","Paracerceis.cordata",6
2014,"choked","choked_inner","4","choked_inner_4","Photis",27
2014,"choked","choked_inner","4","choked_inner_4","Pontogeneia.rostrata",5
2014,"choked","choked_inner","4","choked_inner_4","Pugettia",2
2014,"choked","choked_inner","4","choked_inner_4","Tegula.funebralis",1
2014,"choked","choked_inner","4A","choked_inner_4A","Ampithoidae",1
2014,"choked","choked_inner","4A","choked_inner_4A","Aoroides",24
2014,"choked","choked_inner","4A","choked_inner_4A","Caprella.californica",99
2014,"choked","choked_inner","4A","choked_inner_4A","Caprella.laeviuscula",1
2014,"choked","choked_inner","4A","choked_inner_4A","Caprella.mutica",4
2014,"choked","choked_inner","4A","choked_inner_4A","Eogammarus.confervicolus",1
2014,"choked","choked_inner","4A","choked_inner_4A","Exogone",1
2014,"choked","choked_inner","4A","choked_inner_4A","Idoteidae",10
2014,"choked","choked_inner","4A","choked_inner_4A","Lacuna",25
2014,"choked","choked_inner","4A","choked_inner_4A","Phyllaplysia.taylori",1
2014,"choked","choked_inner","4A","choked_inner_4A","Platynereis",13
2014,"choked","choked_inner","6","choked_inner_6","Aoroides",46
2014,"choked","choked_inner","6","choked_inner_6","Caprella.californica",57
2014,"choked","choked_inner","6","choked_inner_6","Caprella.mutica",3
2014,"choked","choked_inner","6","choked_inner_6","Eogammarus.confervicolus",5
2014,"choked","choked_inner","6","choked_inner_6","Idoteidae",11
2014,"choked","choked_inner","6","choked_inner_6","Lacuna",154
2014,"choked","choked_inner","6","choked_inner_6","Monocorophium",3
2014,"choked","choked_inner","6","choked_inner_6","Mytilidae",3
2014,"choked","choked_inner","6","choked_inner_6","Photis",156
2014,"choked","choked_inner","6","choked_inner_6","Phyllaplysia.taylori",1
2014,"choked","choked_inner","6","choked_inner_6","Platynereis",4
2014,"choked","choked_inner","6","choked_inner_6","Pontogeneia.rostrata",22
2014,"choked","choked_inner","6A","choked_inner_6A","Aoroides",16
2014,"choked","choked_inner","6A","choked_inner_6A","Caprella.californica",41
2014,"choked","choked_inner","6A","choked_inner_6A","Caprella.mutica",13
2014,"choked","choked_inner","6A","choked_inner_6A","Eogammarus.confervicolus",1
2014,"choked","choked_inner","6A","choked_inner_6A","Idoteidae",40
2014,"choked","choked_inner","6A","choked_inner_6A","Lacuna",56
2014,"choked","choked_inner","6A","choked_inner_6A","Photis",2
2014,"choked","choked_inner","6A","choked_inner_6A","Pontogeneia.rostrata",4
2014,"choked","choked_inner","6A","choked_inner_6A","Pugettia",1
2014,"choked","choked_inner","8","choked_inner_8","Ampithoidae",1
2014,"choked","choked_inner","8","choked_inner_8","Aoroides",244
2014,"choked","choked_inner","8","choked_inner_8","Calliostoma",1
2014,"choked","choked_inner","8","choked_inner_8","Caprella.californica",321
2014,"choked","choked_inner","8","choked_inner_8","Caprella.mutica",10
2014,"choked","choked_inner","8","choked_inner_8","Eogammarus.confervicolus",11
2014,"choked","choked_inner","8","choked_inner_8","Idoteidae",96
2014,"choked","choked_inner","8","choked_inner_8","Lacuna",350
2014,"choked","choked_inner","8","choked_inner_8","Monocorophium",27
2014,"choked","choked_inner","8","choked_inner_8","Mytilidae",9
2014,"choked","choked_inner","8","choked_inner_8","Photis",344
2014,"choked","choked_inner","8","choked_inner_8","Phyllaplysia.taylori",2
2014,"choked","choked_inner","8","choked_inner_8","Platynereis",6
2014,"choked","choked_inner","8","choked_inner_8","Pontogeneia.rostrata",62
2014,"choked","choked_inner","8","choked_inner_8","Tegula.funebralis",4
2014,"choked","choked_sandspit","1","choked_sandspit_1","Ampithoidae",1
2014,"choked","choked_sandspit","1","choked_sandspit_1","Caprella.californica",7
2014,"choked","choked_sandspit","1","choked_sandspit_1","Colus",1
2014,"choked","choked_sandspit","1","choked_sandspit_1","Eogammarus.confervicolus",1
2014,"choked","choked_sandspit","1","choked_sandspit_1","Idoteidae",6
2014,"choked","choked_sandspit","1","choked_sandspit_1","Lacuna",32
2014,"choked","choked_sandspit","1","choked_sandspit_1","Leptochelia",1
2014,"choked","choked_sandspit","1","choked_sandspit_1","Photis",26
2014,"choked","choked_sandspit","1","choked_sandspit_1","Platynereis",2
2014,"choked","choked_sandspit","1","choked_sandspit_1","Pontogeneia.rostrata",28
2014,"choked","choked_sandspit","1","choked_sandspit_1","Pugettia",1
2014,"choked","choked_sandspit","1","choked_sandspit_1","Tegula.funebralis",2
2014,"choked","choked_sandspit","10","choked_sandspit_10","Aoroides",56
2014,"choked","choked_sandspit","10","choked_sandspit_10","Caprella.californica",29
2014,"choked","choked_sandspit","10","choked_sandspit_10","Colus",1
2014,"choked","choked_sandspit","10","choked_sandspit_10","Idoteidae",9
2014,"choked","choked_sandspit","10","choked_sandspit_10","Lacuna",299
2014,"choked","choked_sandspit","10","choked_sandspit_10","Mytilidae",7
2014,"choked","choked_sandspit","10","choked_sandspit_10","Photis",3
2014,"choked","choked_sandspit","10","choked_sandspit_10","Pontogeneia.rostrata",241
2014,"choked","choked_sandspit","11","choked_sandspit_11","Aoroides",15
2014,"choked","choked_sandspit","11","choked_sandspit_11","Caprella.californica",10
2014,"choked","choked_sandspit","11","choked_sandspit_11","Harpacticoida",7
2014,"choked","choked_sandspit","11","choked_sandspit_11","Idoteidae",7
2014,"choked","choked_sandspit","11","choked_sandspit_11","Lacuna",130
2014,"choked","choked_sandspit","11","choked_sandspit_11","Leptochelia",3
2014,"choked","choked_sandspit","11","choked_sandspit_11","Mytilidae",13
2014,"choked","choked_sandspit","11","choked_sandspit_11","Paracerceis.cordata",62
2014,"choked","choked_sandspit","11","choked_sandspit_11","Photis",7
2014,"choked","choked_sandspit","11","choked_sandspit_11","Platynereis",1
2014,"choked","choked_sandspit","11","choked_sandspit_11","Pontogeneia.rostrata",10
2014,"choked","choked_sandspit","11","choked_sandspit_11","Tegula.funebralis",1
2014,"choked","choked_sandspit","13","choked_sandspit_13","Aoroides",88
2014,"choked","choked_sandspit","13","choked_sandspit_13","Caprella.californica",17
2014,"choked","choked_sandspit","13","choked_sandspit_13","Caprella.mutica",2
2014,"choked","choked_sandspit","13","choked_sandspit_13","Idoteidae",8
2014,"choked","choked_sandspit","13","choked_sandspit_13","Lacuna",146
2014,"choked","choked_sandspit","13","choked_sandspit_13","Mytilidae",2
2014,"choked","choked_sandspit","13","choked_sandspit_13","Platynereis",2
2014,"choked","choked_sandspit","13","choked_sandspit_13","Pontogeneia.rostrata",119
2014,"choked","choked_sandspit","5","choked_sandspit_5","Aoroides",87
2014,"choked","choked_sandspit","5","choked_sandspit_5","Caprella.californica",53
2014,"choked","choked_sandspit","5","choked_sandspit_5","Caprella.mutica",1
2014,"choked","choked_sandspit","5","choked_sandspit_5","Exogone",9
2014,"choked","choked_sandspit","5","choked_sandspit_5","Harpacticoida",9
2014,"choked","choked_sandspit","5","choked_sandspit_5","Idoteidae",27
2014,"choked","choked_sandspit","5","choked_sandspit_5","Lacuna",117
2014,"choked","choked_sandspit","5","choked_sandspit_5","Minolia.peramabilis",5
2014,"choked","choked_sandspit","5","choked_sandspit_5","Mytilidae",2
2014,"choked","choked_sandspit","5","choked_sandspit_5","Photis",35
2014,"choked","choked_sandspit","5","choked_sandspit_5","Platynereis",1
2014,"choked","choked_sandspit","5","choked_sandspit_5","Pontogeneia.rostrata",16
2014,"choked","choked_sandspit","6A","choked_sandspit_6A","Aoroides",23
2014,"choked","choked_sandspit","6A","choked_sandspit_6A","Caprella.californica",24
2014,"choked","choked_sandspit","6A","choked_sandspit_6A","Harpacticoida",5
2014,"choked","choked_sandspit","6A","choked_sandspit_6A","Idoteidae",8
2014,"choked","choked_sandspit","6A","choked_sandspit_6A","Lacuna",119
2014,"choked","choked_sandspit","6A","choked_sandspit_6A","Leptochelia",1
2014,"choked","choked_sandspit","6A","choked_sandspit_6A","Mytilidae",9
2014,"choked","choked_sandspit","6A","choked_sandspit_6A","Paracerceis.cordata",2
2014,"choked","choked_sandspit","6A","choked_sandspit_6A","Photis",9
2014,"choked","choked_sandspit","6A","choked_sandspit_6A","Phyllaplysia.taylori",5
2014,"choked","choked_sandspit","6A","choked_sandspit_6A","Platynereis",6
2014,"choked","choked_sandspit","6A","choked_sandspit_6A","Pontogeneia.rostrata",51
2014,"choked","choked_sandspit","6B","choked_sandspit_6B","Aoroides",3
2014,"choked","choked_sandspit","6B","choked_sandspit_6B","Caprella.californica",11
2014,"choked","choked_sandspit","6B","choked_sandspit_6B","Idoteidae",3
2014,"choked","choked_sandspit","6B","choked_sandspit_6B","Lacuna",13
2014,"choked","choked_sandspit","6B","choked_sandspit_6B","Mytilidae",1
2014,"choked","choked_sandspit","6B","choked_sandspit_6B","Paracerceis.cordata",1
2014,"choked","choked_sandspit","6B","choked_sandspit_6B","Photis",2
2014,"choked","choked_sandspit","6B","choked_sandspit_6B","Pontogeneia.rostrata",12
2014,"choked","choked_sandspit","7A","choked_sandspit_7A","Ampithoidae",2
2014,"choked","choked_sandspit","7A","choked_sandspit_7A","Aoroides",5
2014,"choked","choked_sandspit","7A","choked_sandspit_7A","Caprella.californica",6
2014,"choked","choked_sandspit","7A","choked_sandspit_7A","Exogone",1
2014,"choked","choked_sandspit","7A","choked_sandspit_7A","Harpacticoida",1
2014,"choked","choked_sandspit","7A","choked_sandspit_7A","Idoteidae",1
2014,"choked","choked_sandspit","7A","choked_sandspit_7A","Lacuna",2
2014,"choked","choked_sandspit","7A","choked_sandspit_7A","Photis",3
2014,"choked","choked_sandspit","7A","choked_sandspit_7A","Pontogeneia.rostrata",6
2014,"choked","choked_sandspit","7B","choked_sandspit_7B","Aoroides",37
2014,"choked","choked_sandspit","7B","choked_sandspit_7B","Caprella.californica",14
2014,"choked","choked_sandspit","7B","choked_sandspit_7B","Caprella.mutica",1
2014,"choked","choked_sandspit","7B","choked_sandspit_7B","Idoteidae",1
2014,"choked","choked_sandspit","7B","choked_sandspit_7B","Lacuna",57
2014,"choked","choked_sandspit","7B","choked_sandspit_7B","Leptochelia",13
2014,"choked","choked_sandspit","7B","choked_sandspit_7B","Mytilidae",2
2014,"choked","choked_sandspit","7B","choked_sandspit_7B","Paracerceis.cordata",10
2014,"choked","choked_sandspit","7B","choked_sandspit_7B","Photis",10
2014,"choked","choked_sandspit","7B","choked_sandspit_7B","Platynereis",3
2014,"choked","choked_sandspit","7B","choked_sandspit_7B","Pontogeneia.rostrata",13
2014,"choked","choked_sandspit","8A","choked_sandspit_8A","Aoroides",29
2014,"choked","choked_sandspit","8A","choked_sandspit_8A","Caprella.californica",36
2014,"choked","choked_sandspit","8A","choked_sandspit_8A","Idoteidae",7
2014,"choked","choked_sandspit","8A","choked_sandspit_8A","Lacuna",37
2014,"choked","choked_sandspit","8A","choked_sandspit_8A","Margarites.helicinus",1
2014,"choked","choked_sandspit","8A","choked_sandspit_8A","Platynereis",2
2014,"choked","choked_sandspit","8A","choked_sandspit_8A","Pontogeneia.rostrata",87
2014,"choked","choked_sandspit","8B","choked_sandspit_8B","Aoroides",8
2014,"choked","choked_sandspit","8B","choked_sandspit_8B","Caprella.californica",25
2014,"choked","choked_sandspit","8B","choked_sandspit_8B","Idoteidae",7
2014,"choked","choked_sandspit","8B","choked_sandspit_8B","Lacuna",64
2014,"choked","choked_sandspit","8B","choked_sandspit_8B","Mytilidae",4
2014,"choked","choked_sandspit","8B","choked_sandspit_8B","Phyllaplysia.taylori",2
2014,"choked","choked_sandspit","8B","choked_sandspit_8B","Platynereis",3
2014,"choked","choked_sandspit","8B","choked_sandspit_8B","Pontogeneia.rostrata",93
2014,"choked","choked_sandspit","9","choked_sandspit_9","Ampithoidae",1
2014,"choked","choked_sandspit","9","choked_sandspit_9","Aoroides",22
2014,"choked","choked_sandspit","9","choked_sandspit_9","Caprella.californica",18
2014,"choked","choked_sandspit","9","choked_sandspit_9","Exogone",1
2014,"choked","choked_sandspit","9","choked_sandspit_9","Idoteidae",12
2014,"choked","choked_sandspit","9","choked_sandspit_9","Lacuna",6
2014,"choked","choked_sandspit","9","choked_sandspit_9","Photis",5
2014,"choked","choked_sandspit","9","choked_sandspit_9","Pontogeneia.rostrata",72
2014,"goose","goose_south_east","1","goose_south_east_1","Caprella.californica",1
2014,"goose","goose_south_east","1","goose_south_east_1","Caprella.laeviuscula",1
2014,"goose","goose_south_east","1","goose_south_east_1","Lacuna",52
2014,"goose","goose_south_east","1","goose_south_east_1","Monocorophium",1
2014,"goose","goose_south_east","1","goose_south_east_1","Platynereis",2
2014,"goose","goose_south_east","1","goose_south_east_1","Pontogeneia.rostrata",1
2014,"goose","goose_south_east","1","goose_south_east_1","Tegula.funebralis",5
2014,"goose","goose_south_east","10","goose_south_east_10","Aoroides",1
2014,"goose","goose_south_east","10","goose_south_east_10","Caprella.californica",18
2014,"goose","goose_south_east","10","goose_south_east_10","Haminoe",1
2014,"goose","goose_south_east","10","goose_south_east_10","Idoteidae",1
2014,"goose","goose_south_east","10","goose_south_east_10","Lacuna",36
2014,"goose","goose_south_east","10","goose_south_east_10","Lottia.alveus",1
2014,"goose","goose_south_east","10","goose_south_east_10","Photis",3
2014,"goose","goose_south_east","10","goose_south_east_10","Phyllaplysia.taylori",1
2014,"goose","goose_south_east","10","goose_south_east_10","Tegula.funebralis",2
2014,"goose","goose_south_east","11","goose_south_east_11","Aoroides",1
2014,"goose","goose_south_east","11","goose_south_east_11","Caprella.californica",8
2014,"goose","goose_south_east","11","goose_south_east_11","Harpacticoida",1
2014,"goose","goose_south_east","11","goose_south_east_11","Lacuna",594
2014,"goose","goose_south_east","11","goose_south_east_11","Neostylidium.eschrichtii",1
2014,"goose","goose_south_east","11","goose_south_east_11","Paracerceis.cordata",9
2014,"goose","goose_south_east","11","goose_south_east_11","Photis",1
2014,"goose","goose_south_east","11","goose_south_east_11","Phyllaplysia.taylori",1
2014,"goose","goose_south_east","11","goose_south_east_11","Platynereis",1
2014,"goose","goose_south_east","11","goose_south_east_11","Tegula.funebralis",2
2014,"goose","goose_south_east","12","goose_south_east_12","Alia.carinata",1
2014,"goose","goose_south_east","12","goose_south_east_12","Ampithoidae",1
2014,"goose","goose_south_east","12","goose_south_east_12","Aoroides",4
2014,"goose","goose_south_east","12","goose_south_east_12","Caprella.californica",38
2014,"goose","goose_south_east","12","goose_south_east_12","Cirolana.harfordi",1
2014,"goose","goose_south_east","12","goose_south_east_12","Exogone",3
2014,"goose","goose_south_east","12","goose_south_east_12","Idoteidae",2
2014,"goose","goose_south_east","12","goose_south_east_12","Lacuna",1042
2014,"goose","goose_south_east","12","goose_south_east_12","Leptochelia",2
2014,"goose","goose_south_east","12","goose_south_east_12","Phyllaplysia.taylori",4
2014,"goose","goose_south_east","12","goose_south_east_12","Platynereis",8
2014,"goose","goose_south_east","12","goose_south_east_12","Tegula.funebralis",173
2014,"goose","goose_south_east","4","goose_south_east_4","Caprella.californica",5
2014,"goose","goose_south_east","4","goose_south_east_4","Lacuna",29
2014,"goose","goose_south_east","4","goose_south_east_4","Paracerceis.cordata",5
2014,"goose","goose_south_east","4","goose_south_east_4","Tegula.funebralis",19
2014,"goose","goose_south_east","6","goose_south_east_6","Lacuna",84
2014,"goose","goose_south_east","6","goose_south_east_6","Platynereis",3
2014,"goose","goose_south_east","7","goose_south_east_7","Alia.carinata",1
2014,"goose","goose_south_east","7","goose_south_east_7","Amphipholis.pugetana",1
2014,"goose","goose_south_east","7","goose_south_east_7","Capitella.capitata",1
2014,"goose","goose_south_east","7","goose_south_east_7","Caprella.californica",78
2014,"goose","goose_south_east","7","goose_south_east_7","Lacuna",792
2014,"goose","goose_south_east","7","goose_south_east_7","Leptochelia",2
2014,"goose","goose_south_east","7","goose_south_east_7","Lottia.alveus",1
2014,"goose","goose_south_east","7","goose_south_east_7","Minolia.peramabilis",1
2014,"goose","goose_south_east","7","goose_south_east_7","Phyllaplysia.taylori",1
2014,"goose","goose_south_east","7","goose_south_east_7","Platynereis",2
2014,"goose","goose_south_east","7","goose_south_east_7","Pontogeneia.rostrata",1
2014,"goose","goose_south_east","7","goose_south_east_7","Tegula.funebralis",107
2014,"goose","goose_south_east","8","goose_south_east_8","Alia.carinata",1
2014,"goose","goose_south_east","8","goose_south_east_8","Aoroides",4
2014,"goose","goose_south_east","8","goose_south_east_8","Caprella.californica",14
2014,"goose","goose_south_east","8","goose_south_east_8","Lacuna",434
2014,"goose","goose_south_east","8","goose_south_east_8","Leptochelia",7
2014,"goose","goose_south_east","8","goose_south_east_8","Lottia.alveus",1
2014,"goose","goose_south_east","8","goose_south_east_8","Paracerceis.cordata",1
2014,"goose","goose_south_east","8","goose_south_east_8","Pontogeneia.rostrata",3
2014,"goose","goose_south_east","8","goose_south_east_8","Tegula.funebralis",80
2014,"goose","goose_south_east","9","goose_south_east_9","Idoteidae",1
2014,"goose","goose_south_east","9","goose_south_east_9","Lacuna",83
2014,"goose","goose_south_east","9","goose_south_east_9","Tegula.funebralis",3
2014,"goose","goose_south_west","10","goose_south_west_10","Amphipholis.pugetana",1
2014,"goose","goose_south_west","10","goose_south_west_10","Aoroides",1
2014,"goose","goose_south_west","10","goose_south_west_10","Caprella.californica",8
2014,"goose","goose_south_west","10","goose_south_west_10","Colus",2
2014,"goose","goose_south_west","10","goose_south_west_10","Idoteidae",1
2014,"goose","goose_south_west","10","goose_south_west_10","Lacuna",310
2014,"goose","goose_south_west","10","goose_south_west_10","Leptochelia",2
2014,"goose","goose_south_west","10","goose_south_west_10","Monocorophium",1
2014,"goose","goose_south_west","10","goose_south_west_10","Phyllaplysia.taylori",4
2014,"goose","goose_south_west","10","goose_south_west_10","Platynereis",9
2014,"goose","goose_south_west","10","goose_south_west_10","Pontogeneia.rostrata",1
2014,"goose","goose_south_west","10","goose_south_west_10","Tegula.funebralis",6
2014,"goose","goose_south_west","11","goose_south_west_11","Colus",1
2014,"goose","goose_south_west","11","goose_south_west_11","Lacuna",29
2014,"goose","goose_south_west","11","goose_south_west_11","Platynereis",1
2014,"goose","goose_south_west","13","goose_south_west_13","Amphipholis.pugetana",1
2014,"goose","goose_south_west","13","goose_south_west_13","Aoroides",1
2014,"goose","goose_south_west","13","goose_south_west_13","Capitella.capitata",2
2014,"goose","goose_south_west","13","goose_south_west_13","Caprella.californica",7
2014,"goose","goose_south_west","13","goose_south_west_13","Idoteidae",1
2014,"goose","goose_south_west","13","goose_south_west_13","Lacuna",68
2014,"goose","goose_south_west","13","goose_south_west_13","Leptochelia",3
2014,"goose","goose_south_west","13","goose_south_west_13","Photis",3
2014,"goose","goose_south_west","13","goose_south_west_13","Platynereis",2
2014,"goose","goose_south_west","13","goose_south_west_13","Tegula.funebralis",1
2014,"goose","goose_south_west","2","goose_south_west_2","Ampithoidae",1
2014,"goose","goose_south_west","2","goose_south_west_2","Caprella.californica",12
2014,"goose","goose_south_west","2","goose_south_west_2","Lacuna",3
2014,"goose","goose_south_west","2","goose_south_west_2","Pholoe",1
2014,"goose","goose_south_west","2","goose_south_west_2","Phyllaplysia.taylori",1
2014,"goose","goose_south_west","2","goose_south_west_2","Tegula.funebralis",1
2014,"goose","goose_south_west","3","goose_south_west_3","Aoroides",1
2014,"goose","goose_south_west","3","goose_south_west_3","Capitella.capitata",2
2014,"goose","goose_south_west","3","goose_south_west_3","Caprella.californica",3
2014,"goose","goose_south_west","3","goose_south_west_3","Exogone",1
2014,"goose","goose_south_west","3","goose_south_west_3","Lacuna",12
2014,"goose","goose_south_west","3","goose_south_west_3","Platynereis",5
2014,"goose","goose_south_west","4","goose_south_west_4","Amphipholis.pugetana",1
2014,"goose","goose_south_west","4","goose_south_west_4","Amphissa",1
2014,"goose","goose_south_west","4","goose_south_west_4","Aoroides",2
2014,"goose","goose_south_west","4","goose_south_west_4","Caprella.californica",26
2014,"goose","goose_south_west","4","goose_south_west_4","Colus",2
2014,"goose","goose_south_west","4","goose_south_west_4","Idoteidae",1
2014,"goose","goose_south_west","4","goose_south_west_4","Lacuna",47
2014,"goose","goose_south_west","4","goose_south_west_4","Leptochelia",2
2014,"goose","goose_south_west","4","goose_south_west_4","Platynereis",9
2014,"goose","goose_south_west","4","goose_south_west_4","Tegula.funebralis",4
2014,"goose","goose_south_west","5","goose_south_west_5","Caprella.californica",5
2014,"goose","goose_south_west","5","goose_south_west_5","Lacuna",3
2014,"goose","goose_south_west","6","goose_south_west_6","Amphipholis.pugetana",1
2014,"goose","goose_south_west","6","goose_south_west_6","Aoroides",1
2014,"goose","goose_south_west","6","goose_south_west_6","Caprella.californica",53
2014,"goose","goose_south_west","6","goose_south_west_6","Exogone",3
2014,"goose","goose_south_west","6","goose_south_west_6","Lacuna",11
2014,"goose","goose_south_west","6","goose_south_west_6","Leptochelia",13
2014,"goose","goose_south_west","6","goose_south_west_6","Photis",8
2014,"goose","goose_south_west","6","goose_south_west_6","Phyllaplysia.taylori",16
2014,"goose","goose_south_west","6","goose_south_west_6","Platynereis",13
2014,"goose","goose_south_west","6","goose_south_west_6","Tegula.funebralis",1
2014,"goose","goose_south_west","7","goose_south_west_7","Aoroides",1
2014,"goose","goose_south_west","7","goose_south_west_7","Caprella.californica",4
2014,"goose","goose_south_west","7","goose_south_west_7","Exogone",1
2014,"goose","goose_south_west","7","goose_south_west_7","Lacuna",8
2014,"goose","goose_south_west","7","goose_south_west_7","Paracerceis.cordata",2
2014,"goose","goose_south_west","7","goose_south_west_7","Pholoe",1
2014,"goose","goose_south_west","7","goose_south_west_7","Phyllaplysia.taylori",2
2014,"goose","goose_south_west","7","goose_south_west_7","Platynereis",2
2014,"mcmullin","mcmullin_north","10","mcmullin_north_10","Aoroides",2
2014,"mcmullin","mcmullin_north","10","mcmullin_north_10","Caprella.laeviuscula",84
2014,"mcmullin","mcmullin_north","10","mcmullin_north_10","Lacuna",3
2014,"mcmullin","mcmullin_north","10","mcmullin_north_10","Photis",2
2014,"mcmullin","mcmullin_north","10","mcmullin_north_10","Phyllaplysia.taylori",1
2014,"mcmullin","mcmullin_north","10","mcmullin_north_10","Platynereis",1
2014,"mcmullin","mcmullin_north","11","mcmullin_north_11","Aoroides",19
2014,"mcmullin","mcmullin_north","11","mcmullin_north_11","Caprella.californica",11
2014,"mcmullin","mcmullin_north","11","mcmullin_north_11","Caprella.laeviuscula",437
2014,"mcmullin","mcmullin_north","11","mcmullin_north_11","Idoteidae",1
2014,"mcmullin","mcmullin_north","11","mcmullin_north_11","Lacuna",20
2014,"mcmullin","mcmullin_north","11","mcmullin_north_11","Margarites.helicinus",1
2014,"mcmullin","mcmullin_north","11","mcmullin_north_11","Mytilidae",5
2014,"mcmullin","mcmullin_north","11","mcmullin_north_11","Paracerceis.cordata",11
2014,"mcmullin","mcmullin_north","11","mcmullin_north_11","Photis",3
2014,"mcmullin","mcmullin_north","11","mcmullin_north_11","Phyllaplysia.taylori",48
2014,"mcmullin","mcmullin_north","11","mcmullin_north_11","Platynereis",49
2014,"mcmullin","mcmullin_north","11","mcmullin_north_11","Pontogeneia.rostrata",1
2014,"mcmullin","mcmullin_north","11","mcmullin_north_11","Tegula.funebralis",1
2014,"mcmullin","mcmullin_north","12","mcmullin_north_12","Ampithoidae",1
2014,"mcmullin","mcmullin_north","12","mcmullin_north_12","Aoroides",12
2014,"mcmullin","mcmullin_north","12","mcmullin_north_12","Caprella.californica",338
2014,"mcmullin","mcmullin_north","12","mcmullin_north_12","Idoteidae",1
2014,"mcmullin","mcmullin_north","12","mcmullin_north_12","Lacuna",7
2014,"mcmullin","mcmullin_north","12","mcmullin_north_12","Phyllaplysia.taylori",105
2014,"mcmullin","mcmullin_north","12","mcmullin_north_12","Platynereis",3
2014,"mcmullin","mcmullin_north","3","mcmullin_north_3","Amphipholis.pugetana",1
2014,"mcmullin","mcmullin_north","3","mcmullin_north_3","Ampithoidae",3
2014,"mcmullin","mcmullin_north","3","mcmullin_north_3","Aoroides",14
2014,"mcmullin","mcmullin_north","3","mcmullin_north_3","Caprella.laeviuscula",1629
2014,"mcmullin","mcmullin_north","3","mcmullin_north_3","Harpacticoida",8
2014,"mcmullin","mcmullin_north","3","mcmullin_north_3","Lacuna",16
2014,"mcmullin","mcmullin_north","3","mcmullin_north_3","Leptochelia",6
2014,"mcmullin","mcmullin_north","3","mcmullin_north_3","Margarites.helicinus",1
2014,"mcmullin","mcmullin_north","3","mcmullin_north_3","Mytilidae",11
2014,"mcmullin","mcmullin_north","3","mcmullin_north_3","Ostracoda",3
2014,"mcmullin","mcmullin_north","3","mcmullin_north_3","Paracerceis.cordata",10
2014,"mcmullin","mcmullin_north","3","mcmullin_north_3","Photis",43
2014,"mcmullin","mcmullin_north","3","mcmullin_north_3","Phyllaplysia.taylori",22
2014,"mcmullin","mcmullin_north","3","mcmullin_north_3","Platynereis",3
2014,"mcmullin","mcmullin_north","4","mcmullin_north_4","Aoroides",14
2014,"mcmullin","mcmullin_north","4","mcmullin_north_4","Caprella.laeviuscula",888
2014,"mcmullin","mcmullin_north","4","mcmullin_north_4","Lacuna",5
2014,"mcmullin","mcmullin_north","4","mcmullin_north_4","Leptochelia",4
2014,"mcmullin","mcmullin_north","4","mcmullin_north_4","Monocorophium",4
2014,"mcmullin","mcmullin_north","4","mcmullin_north_4","Mytilidae",35
2014,"mcmullin","mcmullin_north","4","mcmullin_north_4","Paracerceis.cordata",5
2014,"mcmullin","mcmullin_north","4","mcmullin_north_4","Photis",1
2014,"mcmullin","mcmullin_north","4","mcmullin_north_4","Phyllaplysia.taylori",197
2014,"mcmullin","mcmullin_north","4","mcmullin_north_4","Platynereis",13
2014,"mcmullin","mcmullin_north","6","mcmullin_north_6","Aoroides",7
2014,"mcmullin","mcmullin_north","6","mcmullin_north_6","Caprella.californica",27
2014,"mcmullin","mcmullin_north","6","mcmullin_north_6","Caprella.laeviuscula",683
2014,"mcmullin","mcmullin_north","6","mcmullin_north_6","Exogone",1
2014,"mcmullin","mcmullin_north","6","mcmullin_north_6","Lacuna",3
2014,"mcmullin","mcmullin_north","6","mcmullin_north_6","Phyllaplysia.taylori",163
2014,"mcmullin","mcmullin_north","6","mcmullin_north_6","Platynereis",10
2014,"mcmullin","mcmullin_north","7","mcmullin_north_7","Aoroides",12
2014,"mcmullin","mcmullin_north","7","mcmullin_north_7","Caprella.californica",9
2014,"mcmullin","mcmullin_north","7","mcmullin_north_7","Caprella.laeviuscula",722
2014,"mcmullin","mcmullin_north","7","mcmullin_north_7","Exogone",1
2014,"mcmullin","mcmullin_north","7","mcmullin_north_7","Harpacticoida",1
2014,"mcmullin","mcmullin_north","7","mcmullin_north_7","Lacuna",11
2014,"mcmullin","mcmullin_north","7","mcmullin_north_7","Leptochelia",2
2014,"mcmullin","mcmullin_north","7","mcmullin_north_7","Mytilidae",11
2014,"mcmullin","mcmullin_north","7","mcmullin_north_7","Photis",6
2014,"mcmullin","mcmullin_north","7","mcmullin_north_7","Phyllaplysia.taylori",24
2014,"mcmullin","mcmullin_north","7","mcmullin_north_7","Platynereis",47
2014,"mcmullin","mcmullin_north","8","mcmullin_north_8","Aoroides",21
2014,"mcmullin","mcmullin_north","8","mcmullin_north_8","Caprella.californica",1
2014,"mcmullin","mcmullin_north","8","mcmullin_north_8","Caprella.laeviuscula",409
2014,"mcmullin","mcmullin_north","8","mcmullin_north_8","Harpacticoida",2
2014,"mcmullin","mcmullin_north","8","mcmullin_north_8","Lacuna",7
2014,"mcmullin","mcmullin_north","8","mcmullin_north_8","Leptochelia",5
2014,"mcmullin","mcmullin_north","8","mcmullin_north_8","Lottia.alveus",1
2014,"mcmullin","mcmullin_north","8","mcmullin_north_8","Margarites.helicinus",5
2014,"mcmullin","mcmullin_north","8","mcmullin_north_8","Minolia.peramabilis",1
2014,"mcmullin","mcmullin_north","8","mcmullin_north_8","Mytilidae",6
2014,"mcmullin","mcmullin_north","8","mcmullin_north_8","Photis",3
2014,"mcmullin","mcmullin_north","8","mcmullin_north_8","Phyllaplysia.taylori",41
2014,"mcmullin","mcmullin_north","8","mcmullin_north_8","Platynereis",25
2014,"mcmullin","mcmullin_north","9","mcmullin_north_9","Aoroides",6
2014,"mcmullin","mcmullin_north","9","mcmullin_north_9","Caprella.californica",1
2014,"mcmullin","mcmullin_north","9","mcmullin_north_9","Caprella.laeviuscula",67
2014,"mcmullin","mcmullin_north","9","mcmullin_north_9","Photis",1
2014,"mcmullin","mcmullin_north","9","mcmullin_north_9","Platynereis",1
2014,"mcmullin","mcmullin_north","9","mcmullin_north_9","Tegula.funebralis",1
2014,"mcmullin","mcmullin_south","12","mcmullin_south_12","Aoroides",7
2014,"mcmullin","mcmullin_south","12","mcmullin_south_12","Caprella.laeviuscula",40
2014,"mcmullin","mcmullin_south","12","mcmullin_south_12","Exogone",3
2014,"mcmullin","mcmullin_south","12","mcmullin_south_12","Idoteidae",2
2014,"mcmullin","mcmullin_south","12","mcmullin_south_12","Pholoe",1
2014,"mcmullin","mcmullin_south","12","mcmullin_south_12","Platynereis",1
2014,"mcmullin","mcmullin_south","2","mcmullin_south_2","Aoroides",7
2014,"mcmullin","mcmullin_south","2","mcmullin_south_2","Caprella.californica",1
2014,"mcmullin","mcmullin_south","2","mcmullin_south_2","Caprella.laeviuscula",104
2014,"mcmullin","mcmullin_south","2","mcmullin_south_2","Caprella.mutica",1
2014,"mcmullin","mcmullin_south","2","mcmullin_south_2","Exogone",7
2014,"mcmullin","mcmullin_south","2","mcmullin_south_2","Lacuna",1
2014,"mcmullin","mcmullin_south","2","mcmullin_south_2","Phyllaplysia.taylori",3
2014,"mcmullin","mcmullin_south","2","mcmullin_south_2","Platynereis",1
2014,"mcmullin","mcmullin_south","3","mcmullin_south_3","Amphipholis.pugetana",2
2014,"mcmullin","mcmullin_south","3","mcmullin_south_3","Aoroides",11
2014,"mcmullin","mcmullin_south","3","mcmullin_south_3","Caprella.californica",5
2014,"mcmullin","mcmullin_south","3","mcmullin_south_3","Caprella.laeviuscula",62
2014,"mcmullin","mcmullin_south","3","mcmullin_south_3","Lacuna",4
2014,"mcmullin","mcmullin_south","3","mcmullin_south_3","Leptochelia",1
2014,"mcmullin","mcmullin_south","3","mcmullin_south_3","Lottia.alveus",1
2014,"mcmullin","mcmullin_south","3","mcmullin_south_3","Mytilidae",1
2014,"mcmullin","mcmullin_south","3","mcmullin_south_3","Phyllaplysia.taylori",2
2014,"mcmullin","mcmullin_south","3","mcmullin_south_3","Platynereis",8
2014,"mcmullin","mcmullin_south","3","mcmullin_south_3","Pontogeneia.rostrata",1
2014,"mcmullin","mcmullin_south","4","mcmullin_south_4","Aoroides",14
2014,"mcmullin","mcmullin_south","4","mcmullin_south_4","Caprella.laeviuscula",244
2014,"mcmullin","mcmullin_south","4","mcmullin_south_4","Exogone",4
2014,"mcmullin","mcmullin_south","4","mcmullin_south_4","Harpacticoida",2
2014,"mcmullin","mcmullin_south","4","mcmullin_south_4","Idoteidae",1
2014,"mcmullin","mcmullin_south","4","mcmullin_south_4","Lacuna",10
2014,"mcmullin","mcmullin_south","4","mcmullin_south_4","Leptochelia",1
2014,"mcmullin","mcmullin_south","4","mcmullin_south_4","Margarites.helicinus",2
2014,"mcmullin","mcmullin_south","4","mcmullin_south_4","Paracerceis.cordata",1
2014,"mcmullin","mcmullin_south","4","mcmullin_south_4","Phyllaplysia.taylori",17
2014,"mcmullin","mcmullin_south","4","mcmullin_south_4","Platynereis",4
2014,"mcmullin","mcmullin_south","5","mcmullin_south_5","Aoroides",3
2014,"mcmullin","mcmullin_south","5","mcmullin_south_5","Caprella.laeviuscula",51
2014,"mcmullin","mcmullin_south","5","mcmullin_south_5","Idoteidae",2
2014,"mcmullin","mcmullin_south","5","mcmullin_south_5","Lacuna",11
2014,"mcmullin","mcmullin_south","5","mcmullin_south_5","Leptochelia",10
2014,"mcmullin","mcmullin_south","5","mcmullin_south_5","Platynereis",2
2014,"mcmullin","mcmullin_south","5","mcmullin_south_5","Pontogeneia.rostrata",1
2014,"mcmullin","mcmullin_south","5","mcmullin_south_5","Tegula.funebralis",2
2014,"mcmullin","mcmullin_south","6","mcmullin_south_6","Ampithoidae",1
2014,"mcmullin","mcmullin_south","6","mcmullin_south_6","Aoroides",5
2014,"mcmullin","mcmullin_south","6","mcmullin_south_6","Caprella.laeviuscula",33
2014,"mcmullin","mcmullin_south","6","mcmullin_south_6","Platynereis",2
2014,"mcmullin","mcmullin_south","6","mcmullin_south_6","Tegula.funebralis",1
2014,"mcmullin","mcmullin_south","7","mcmullin_south_7","Aoroides",3
2014,"mcmullin","mcmullin_south","7","mcmullin_south_7","Caprella.laeviuscula",184
2014,"mcmullin","mcmullin_south","7","mcmullin_south_7","Lacuna",2
2014,"mcmullin","mcmullin_south","7","mcmullin_south_7","Photis",1
2014,"mcmullin","mcmullin_south","7","mcmullin_south_7","Phyllaplysia.taylori",1
2014,"mcmullin","mcmullin_south","7","mcmullin_south_7","Platynereis",7
2014,"mcmullin","mcmullin_south","8","mcmullin_south_8","Amphipholis.pugetana",1
2014,"mcmullin","mcmullin_south","8","mcmullin_south_8","Aoroides",3
2014,"mcmullin","mcmullin_south","8","mcmullin_south_8","Caprella.californica",1
2014,"mcmullin","mcmullin_south","8","mcmullin_south_8","Caprella.laeviuscula",189
2014,"mcmullin","mcmullin_south","8","mcmullin_south_8","Exogone",9
2014,"mcmullin","mcmullin_south","8","mcmullin_south_8","Phyllaplysia.taylori",1
2014,"mcmullin","mcmullin_south","8","mcmullin_south_8","Platynereis",3
2014,"triquet","triquet_north","1","triquet_north_1","Amphipholis.pugetana",1
2014,"triquet","triquet_north","1","triquet_north_1","Caprella.californica",5
2014,"triquet","triquet_north","1","triquet_north_1","Heptacarpus",2
2014,"triquet","triquet_north","1","triquet_north_1","Idoteidae",1
2014,"triquet","triquet_north","1","triquet_north_1","Lacuna",2
2014,"triquet","triquet_north","1","triquet_north_1","Leptochelia",2
2014,"triquet","triquet_north","1","triquet_north_1","Photis",1
2014,"triquet","triquet_north","1","triquet_north_1","Platynereis",1
2014,"triquet","triquet_north","12","triquet_north_12","Caprella.californica",71
2014,"triquet","triquet_north","12","triquet_north_12","Lacuna",9
2014,"triquet","triquet_north","12","triquet_north_12","Leptochelia",2
2014,"triquet","triquet_north","12","triquet_north_12","Mytilidae",1
2014,"triquet","triquet_north","12","triquet_north_12","Paracerceis.cordata",1
2014,"triquet","triquet_north","12","triquet_north_12","Phyllaplysia.taylori",9
2014,"triquet","triquet_north","12","triquet_north_12","Platynereis",3
2014,"triquet","triquet_north","12","triquet_north_12","Pycnogonid",1
2014,"triquet","triquet_north","2","triquet_north_2","Ampithoidae",2
2014,"triquet","triquet_north","2","triquet_north_2","Caprella.californica",28
2014,"triquet","triquet_north","2","triquet_north_2","Exogone",1
2014,"triquet","triquet_north","2","triquet_north_2","Lacuna",1
2014,"triquet","triquet_north","2","triquet_north_2","Leptochelia",1
2014,"triquet","triquet_north","2","triquet_north_2","Platynereis",1
2014,"triquet","triquet_north","3","triquet_north_3","Caprella.californica",41
2014,"triquet","triquet_north","3","triquet_north_3","Platynereis",1
2014,"triquet","triquet_north","4","triquet_north_4","Aoroides",2
2014,"triquet","triquet_north","4","triquet_north_4","Caprella.californica",56
2014,"triquet","triquet_north","4","triquet_north_4","Harpacticoida",1
2014,"triquet","triquet_north","4","triquet_north_4","Lacuna",2
2014,"triquet","triquet_north","4","triquet_north_4","Leptochelia",2
2014,"triquet","triquet_north","4","triquet_north_4","Phyllaplysia.taylori",17
2014,"triquet","triquet_north","4","triquet_north_4","Platynereis",2
2014,"triquet","triquet_north","5","triquet_north_5","Aoroides",3
2014,"triquet","triquet_north","5","triquet_north_5","Caprella.californica",112
2014,"triquet","triquet_north","5","triquet_north_5","Harpacticoida",4
2014,"triquet","triquet_north","5","triquet_north_5","Lacuna",7
2014,"triquet","triquet_north","5","triquet_north_5","Leptochelia",1
2014,"triquet","triquet_north","5","triquet_north_5","Mytilidae",3
2014,"triquet","triquet_north","5","triquet_north_5","Paracerceis.cordata",2
2014,"triquet","triquet_north","5","triquet_north_5","Phyllaplysia.taylori",3
2014,"triquet","triquet_north","5","triquet_north_5","Platynereis",2
2014,"triquet","triquet_north","5","triquet_north_5","Tegula.funebralis",4
2014,"triquet","triquet_north","7","triquet_north_7","Amphipholis.pugetana",1
2014,"triquet","triquet_north","7","triquet_north_7","Caprella.californica",9
2014,"triquet","triquet_north","7","triquet_north_7","Exogone",1
2014,"triquet","triquet_north","7","triquet_north_7","Lacuna",1
2014,"triquet","triquet_north","8","triquet_north_8","Aoroides",8
2014,"triquet","triquet_north","8","triquet_north_8","Balanus",1
2014,"triquet","triquet_north","8","triquet_north_8","Capitella.capitata",2
2014,"triquet","triquet_north","8","triquet_north_8","Caprella.californica",442
2014,"triquet","triquet_north","8","triquet_north_8","Idoteidae",3
2014,"triquet","triquet_north","8","triquet_north_8","Lacuna",10
2014,"triquet","triquet_north","8","triquet_north_8","Leptochelia",1
2014,"triquet","triquet_north","8","triquet_north_8","Mytilidae",5
2014,"triquet","triquet_north","8","triquet_north_8","Paracerceis.cordata",1
2014,"triquet","triquet_north","8","triquet_north_8","Phyllaplysia.taylori",9
2014,"triquet","triquet_north","8","triquet_north_8","Platynereis",4
2014,"triquet","triquet_north","9","triquet_north_9","Aoroides",2
2014,"triquet","triquet_north","9","triquet_north_9","Caprella.californica",115
2014,"triquet","triquet_north","9","triquet_north_9","Harpacticoida",10
2014,"triquet","triquet_north","9","triquet_north_9","Idoteidae",1
2014,"triquet","triquet_north","9","triquet_north_9","Lacuna",6
2014,"triquet","triquet_north","9","triquet_north_9","Leptochelia",23
2014,"triquet","triquet_north","9","triquet_north_9","Photis",1
2014,"triquet","triquet_north","9","triquet_north_9","Phyllaplysia.taylori",45
2014,"triquet","triquet_north","9","triquet_north_9","Platynereis",6
2014,"triquet","triquet_north","9","triquet_north_9","Pontogeneia.rostrata",1
2014,"triquet","triquet_south","10","triquet_south_10","Ampithoidae",6
2014,"triquet","triquet_south","10","triquet_south_10","Aoroides",8
2014,"triquet","triquet_south","10","triquet_south_10","Caprella.californica",383
2014,"triquet","triquet_south","10","triquet_south_10","Mytilidae",1
2014,"triquet","triquet_south","10","triquet_south_10","Paracerceis.cordata",1
2014,"triquet","triquet_south","10","triquet_south_10","Phyllaplysia.taylori",4
2014,"triquet","triquet_south","10","triquet_south_10","Platynereis",10
2014,"triquet","triquet_south","10","triquet_south_10","Pontogeneia.rostrata",1
2014,"triquet","triquet_south","11","triquet_south_11","Aoroides",1
2014,"triquet","triquet_south","11","triquet_south_11","Caprella.californica",119
2014,"triquet","triquet_south","11","triquet_south_11","Lacuna",1
2014,"triquet","triquet_south","11","triquet_south_11","Mytilidae",1
2014,"triquet","triquet_south","11","triquet_south_11","Phyllaplysia.taylori",4
2014,"triquet","triquet_south","11","triquet_south_11","Platynereis",2
2014,"triquet","triquet_south","12","triquet_south_12","Ampithoidae",3
2014,"triquet","triquet_south","12","triquet_south_12","Aoroides",5
2014,"triquet","triquet_south","12","triquet_south_12","Caprella.californica",946
2014,"triquet","triquet_south","12","triquet_south_12","Caprella.mutica",3
2014,"triquet","triquet_south","12","triquet_south_12","Harpacticoida",12
2014,"triquet","triquet_south","12","triquet_south_12","Idoteidae",1
2014,"triquet","triquet_south","12","triquet_south_12","Lacuna",16
2014,"triquet","triquet_south","12","triquet_south_12","Mytilidae",6
2014,"triquet","triquet_south","12","triquet_south_12","Paracerceis.cordata",68
2014,"triquet","triquet_south","12","triquet_south_12","Photis",3
2014,"triquet","triquet_south","12","triquet_south_12","Phyllaplysia.taylori",177
2014,"triquet","triquet_south","12","triquet_south_12","Platynereis",8
2014,"triquet","triquet_south","12","triquet_south_12","Pontogeneia.rostrata",1
2014,"triquet","triquet_south","13","triquet_south_13","Ampithoidae",1
2014,"triquet","triquet_south","13","triquet_south_13","Caprella.californica",540
2014,"triquet","triquet_south","13","triquet_south_13","Lacuna",10
2014,"triquet","triquet_south","13","triquet_south_13","Leptochelia",1
2014,"triquet","triquet_south","13","triquet_south_13","Paracerceis.cordata",105
2014,"triquet","triquet_south","13","triquet_south_13","Phyllaplysia.taylori",110
2014,"triquet","triquet_south","2","triquet_south_2","Amphissa",1
2014,"triquet","triquet_south","2","triquet_south_2","Aoroides",5
2014,"triquet","triquet_south","2","triquet_south_2","Caprella.californica",279
2014,"triquet","triquet_south","2","triquet_south_2","Caprella.laeviuscula",1
2014,"triquet","triquet_south","2","triquet_south_2","Lacuna",1
2014,"triquet","triquet_south","2","triquet_south_2","Minolia.peramabilis",5
2014,"triquet","triquet_south","2","triquet_south_2","Paguridae",1
2014,"triquet","triquet_south","2","triquet_south_2","Paracerceis.cordata",3
2014,"triquet","triquet_south","2","triquet_south_2","Photis",2
2014,"triquet","triquet_south","2","triquet_south_2","Phyllaplysia.taylori",19
2014,"triquet","triquet_south","2","triquet_south_2","Platynereis",27
2014,"triquet","triquet_south","2","triquet_south_2","Tegula.funebralis",1
2014,"triquet","triquet_south","4","triquet_south_4","Aoroides",14
2014,"triquet","triquet_south","4","triquet_south_4","Caprella.californica",1192
2014,"triquet","triquet_south","4","triquet_south_4","Colus",2
2014,"triquet","triquet_south","4","triquet_south_4","Lacuna",4
2014,"triquet","triquet_south","4","triquet_south_4","Mytilidae",1
2014,"triquet","triquet_south","4","triquet_south_4","Photis",1
2014,"triquet","triquet_south","4","triquet_south_4","Phyllaplysia.taylori",12
2014,"triquet","triquet_south","4","triquet_south_4","Platynereis",13
2014,"triquet","triquet_south","4","triquet_south_4","Pontogeneia.rostrata",1
2014,"triquet","triquet_south","4","triquet_south_4","Tegula.funebralis",1
2014,"triquet","triquet_south","5","triquet_south_5","Alia.carinata",3
2014,"triquet","triquet_south","5","triquet_south_5","Aoroides",3
2014,"triquet","triquet_south","5","triquet_south_5","Calliostoma",1
2014,"triquet","triquet_south","5","triquet_south_5","Caprella.californica",1108
2014,"triquet","triquet_south","5","triquet_south_5","Lacuna",27
2014,"triquet","triquet_south","5","triquet_south_5","Margarites.helicinus",2
2014,"triquet","triquet_south","5","triquet_south_5","Minolia.peramabilis",3
2014,"triquet","triquet_south","5","triquet_south_5","Mytilidae",4
2014,"triquet","triquet_south","5","triquet_south_5","Phyllaplysia.taylori",131
2014,"triquet","triquet_south","5","triquet_south_5","Platynereis",59
2014,"triquet","triquet_south","6A","triquet_south_6A","Aoroides",13
2014,"triquet","triquet_south","6A","triquet_south_6A","Caprella.californica",945
2014,"triquet","triquet_south","6A","triquet_south_6A","Lacuna",4
2014,"triquet","triquet_south","6A","triquet_south_6A","Paracerceis.cordata",22
2014,"triquet","triquet_south","6A","triquet_south_6A","Photis",1
2014,"triquet","triquet_south","6A","triquet_south_6A","Phyllaplysia.taylori",60
2014,"triquet","triquet_south","6A","triquet_south_6A","Platynereis",3
2014,"triquet","triquet_south","6B","triquet_south_6B","Ampithoidae",4
2014,"triquet","triquet_south","6B","triquet_south_6B","Aoroides",24
2014,"triquet","triquet_south","6B","triquet_south_6B","Caprella.californica",1228
2014,"triquet","triquet_south","6B","triquet_south_6B","Caprella.laeviuscula",1
2014,"triquet","triquet_south","6B","triquet_south_6B","Harpacticoida",1
2014,"triquet","triquet_south","6B","triquet_south_6B","Lacuna",2
2014,"triquet","triquet_south","6B","triquet_south_6B","Mytilidae",6
2014,"triquet","triquet_south","6B","triquet_south_6B","Neostylidium.eschrichtii",1
2014,"triquet","triquet_south","6B","triquet_south_6B","Paracerceis.cordata",33
2014,"triquet","triquet_south","6B","triquet_south_6B","Phyllaplysia.taylori",80
2014,"triquet","triquet_south","6B","triquet_south_6B","Platynereis",45
2014,"triquet","triquet_south","7","triquet_south_7","Ampithoidae",5
2014,"triquet","triquet_south","7","triquet_south_7","Aoroides",25
2014,"triquet","triquet_south","7","triquet_south_7","Caprella.californica",627
2014,"triquet","triquet_south","7","triquet_south_7","Lacuna",4
2014,"triquet","triquet_south","7","triquet_south_7","Margarites.helicinus",1
2014,"triquet","triquet_south","7","triquet_south_7","Mytilidae",2
2014,"triquet","triquet_south","7","triquet_south_7","Paracerceis.cordata",36
2014,"triquet","triquet_south","7","triquet_south_7","Photis",2
2014,"triquet","triquet_south","7","triquet_south_7","Phyllaplysia.taylori",82
2014,"triquet","triquet_south","7","triquet_south_7","Platynereis",2
2014,"triquet","triquet_south","9","triquet_south_9","Alia.carinata",1
2014,"triquet","triquet_south","9","triquet_south_9","Aoroides",17
2014,"triquet","triquet_south","9","triquet_south_9","Caprella.californica",471
2014,"triquet","triquet_south","9","triquet_south_9","Lacuna",3
2014,"triquet","triquet_south","9","triquet_south_9","Leptochelia",2
2014,"triquet","triquet_south","9","triquet_south_9","Mytilidae",2
2014,"triquet","triquet_south","9","triquet_south_9","Paracerceis.cordata",8
2014,"triquet","triquet_south","9","triquet_south_9","Phyllaplysia.taylori",122
2014,"triquet","triquet_south","9","triquet_south_9","Platynereis",23
2015,"choked","choked_inner","1","choked_inner_1","Aoroides",3
2015,"choked","choked_inner","1","choked_inner_1","Caprella.laeviuscula",17
2015,"choked","choked_inner","1","choked_inner_1","Caprella.mutica",5
2015,"choked","choked_inner","1","choked_inner_1","Gammaidean.Amphipod",118
2015,"choked","choked_inner","1","choked_inner_1","Hyalidae",1
2015,"choked","choked_inner","1","choked_inner_1","Idoteidae",18
2015,"choked","choked_inner","1","choked_inner_1","Margarites.helicinus",42
2015,"choked","choked_inner","1","choked_inner_1","Ostracoda",1
2015,"choked","choked_inner","1","choked_inner_1","Platynereis",2
2015,"choked","choked_inner","1","choked_inner_1","Podoceridae",26
2015,"choked","choked_inner","2","choked_inner_2","Amphipholis.pugetana",1
2015,"choked","choked_inner","2","choked_inner_2","Aoroides",4
2015,"choked","choked_inner","2","choked_inner_2","Caprella.laeviuscula",7
2015,"choked","choked_inner","2","choked_inner_2","Caprella.mutica",6
2015,"choked","choked_inner","2","choked_inner_2","Gammaidean.Amphipod",75
2015,"choked","choked_inner","2","choked_inner_2","Idoteidae",8
2015,"choked","choked_inner","2","choked_inner_2","Lacuna",4
2015,"choked","choked_inner","2","choked_inner_2","Margarites.helicinus",75
2015,"choked","choked_inner","2","choked_inner_2","Mytilidae",5
2015,"choked","choked_inner","2","choked_inner_2","Nereis",2
2015,"choked","choked_inner","2","choked_inner_2","Platynereis",7
2015,"choked","choked_inner","2","choked_inner_2","Podoceridae",53
2015,"choked","choked_inner","2","choked_inner_2","Strongylocentrotus",3
2015,"choked","choked_inner","3","choked_inner_3","Caprella.laeviuscula",4
2015,"choked","choked_inner","3","choked_inner_3","Caprella.mutica",10
2015,"choked","choked_inner","3","choked_inner_3","Gammaidean.Amphipod",1308
2015,"choked","choked_inner","3","choked_inner_3","Hyalidae",3
2015,"choked","choked_inner","3","choked_inner_3","Idoteidae",3
2015,"choked","choked_inner","3","choked_inner_3","Margarites.helicinus",83
2015,"choked","choked_inner","3","choked_inner_3","Margarites.pupillus",4
2015,"choked","choked_inner","3","choked_inner_3","Mytilidae",4
2015,"choked","choked_inner","3","choked_inner_3","Platynereis",4
2015,"choked","choked_inner","3","choked_inner_3","Podoceridae",15
2015,"choked","choked_inner","3","choked_inner_3","Pugettia",2
2015,"choked","choked_inner","3","choked_inner_3","Pycnogonid",1
2015,"choked","choked_inner","4","choked_inner_4","Ampithoidae",2
2015,"choked","choked_inner","4","choked_inner_4","Caprella.laeviuscula",3
2015,"choked","choked_inner","4","choked_inner_4","Caprella.mutica",8
2015,"choked","choked_inner","4","choked_inner_4","Gammaidean.Amphipod",52
2015,"choked","choked_inner","4","choked_inner_4","Hyalidae",1
2015,"choked","choked_inner","4","choked_inner_4","Idoteidae",6
2015,"choked","choked_inner","4","choked_inner_4","Margarites.helicinus",39
2015,"choked","choked_inner","4","choked_inner_4","Mytilidae",3
2015,"choked","choked_inner","4","choked_inner_4","Podoceridae",20
2015,"choked","choked_inner","4","choked_inner_4","Pugettia",2
2015,"choked","choked_inner","5","choked_inner_5","Ampithoidae",40
2015,"choked","choked_inner","5","choked_inner_5","Caprella.californica",1
2015,"choked","choked_inner","5","choked_inner_5","Caprella.laeviuscula",6
2015,"choked","choked_inner","5","choked_inner_5","Caprella.mutica",18
2015,"choked","choked_inner","5","choked_inner_5","Gammaidean.Amphipod",142
2015,"choked","choked_inner","5","choked_inner_5","Hyalidae",1
2015,"choked","choked_inner","5","choked_inner_5","Idoteidae",13
2015,"choked","choked_inner","5","choked_inner_5","Leptochelia",1
2015,"choked","choked_inner","5","choked_inner_5","Margarites.helicinus",39
2015,"choked","choked_inner","5","choked_inner_5","Mytilidae",4
2015,"choked","choked_inner","5","choked_inner_5","Platynereis",4
2015,"choked","choked_inner","5","choked_inner_5","Podoceridae",20
2015,"choked","choked_sandspit","1","choked_sandspit_1","Caprella.californica",5
2015,"choked","choked_sandspit","1","choked_sandspit_1","Caprella.laeviuscula",4
2015,"choked","choked_sandspit","1","choked_sandspit_1","Gammaidean.Amphipod",128
2015,"choked","choked_sandspit","1","choked_sandspit_1","Idoteidae",8
2015,"choked","choked_sandspit","1","choked_sandspit_1","Lacuna",8
2015,"choked","choked_sandspit","1","choked_sandspit_1","Margarites.helicinus",5
2015,"choked","choked_sandspit","1","choked_sandspit_1","Margarites.pupillus",1
2015,"choked","choked_sandspit","1","choked_sandspit_1","Platynereis",2
2015,"choked","choked_sandspit","1","choked_sandspit_1","Podoceridae",13
2015,"choked","choked_sandspit","2","choked_sandspit_2","Caprella.californica",24
2015,"choked","choked_sandspit","2","choked_sandspit_2","Caprella.laeviuscula",1
2015,"choked","choked_sandspit","2","choked_sandspit_2","Gammaidean.Amphipod",39
2015,"choked","choked_sandspit","2","choked_sandspit_2","Idoteidae",31
2015,"choked","choked_sandspit","2","choked_sandspit_2","Margarites.helicinus",14
2015,"choked","choked_sandspit","2","choked_sandspit_2","Margarites.pupillus",3
2015,"choked","choked_sandspit","2","choked_sandspit_2","Mytilidae",2
2015,"choked","choked_sandspit","2","choked_sandspit_2","Nereis",1
2015,"choked","choked_sandspit","2","choked_sandspit_2","Ostracoda",4
2015,"choked","choked_sandspit","2","choked_sandspit_2","Platynereis",2
2015,"choked","choked_sandspit","2","choked_sandspit_2","Podoceridae",8
2015,"choked","choked_sandspit","3","choked_sandspit_3","Aoroides",4
2015,"choked","choked_sandspit","3","choked_sandspit_3","Caprella.californica",3
2015,"choked","choked_sandspit","3","choked_sandspit_3","Caprella.laeviuscula",6
2015,"choked","choked_sandspit","3","choked_sandspit_3","Caprella.mutica",2
2015,"choked","choked_sandspit","3","choked_sandspit_3","Gammaidean.Amphipod",354
2015,"choked","choked_sandspit","3","choked_sandspit_3","Idoteidae",1
2015,"choked","choked_sandspit","3","choked_sandspit_3","Leptochelia",1
2015,"choked","choked_sandspit","3","choked_sandspit_3","Margarites.helicinus",12
2015,"choked","choked_sandspit","3","choked_sandspit_3","Mytilidae",4
2015,"choked","choked_sandspit","3","choked_sandspit_3","Nereis",2
2015,"choked","choked_sandspit","3","choked_sandspit_3","Platynereis",8
2015,"choked","choked_sandspit","3","choked_sandspit_3","Podoceridae",5
2015,"choked","choked_sandspit","3","choked_sandspit_3","Pugettia",2
2015,"choked","choked_sandspit","4","choked_sandspit_4","Aoroides",7
2015,"choked","choked_sandspit","4","choked_sandspit_4","Caprella.californica",8
2015,"choked","choked_sandspit","4","choked_sandspit_4","Caprella.laeviuscula",5
2015,"choked","choked_sandspit","4","choked_sandspit_4","Caprella.mutica",2
2015,"choked","choked_sandspit","4","choked_sandspit_4","Gammaidean.Amphipod",251
2015,"choked","choked_sandspit","4","choked_sandspit_4","Idoteidae",13
2015,"choked","choked_sandspit","4","choked_sandspit_4","Leptochelia",3
2015,"choked","choked_sandspit","4","choked_sandspit_4","Margarites.helicinus",59
2015,"choked","choked_sandspit","4","choked_sandspit_4","Margarites.pupillus",7
2015,"choked","choked_sandspit","4","choked_sandspit_4","Mytilidae",3
2015,"choked","choked_sandspit","4","choked_sandspit_4","Ostracoda",1
2015,"choked","choked_sandspit","4","choked_sandspit_4","Platynereis",5
2015,"choked","choked_sandspit","4","choked_sandspit_4","Podoceridae",16
2015,"choked","choked_sandspit","4","choked_sandspit_4","Pugettia",1
2015,"choked","choked_sandspit","5","choked_sandspit_5","Aoroides",10
2015,"choked","choked_sandspit","5","choked_sandspit_5","Caprella.californica",19
2015,"choked","choked_sandspit","5","choked_sandspit_5","Caprella.laeviuscula",20
2015,"choked","choked_sandspit","5","choked_sandspit_5","Gammaidean.Amphipod",483
2015,"choked","choked_sandspit","5","choked_sandspit_5","Idoteidae",22
2015,"choked","choked_sandspit","5","choked_sandspit_5","Margarites.helicinus",51
2015,"choked","choked_sandspit","5","choked_sandspit_5","Margarites.pupillus",2
2015,"choked","choked_sandspit","5","choked_sandspit_5","Mytilidae",11
2015,"choked","choked_sandspit","5","choked_sandspit_5","Platynereis",3
2015,"choked","choked_sandspit","5","choked_sandspit_5","Podoceridae",30
2015,"choked","choked_sandspit","5","choked_sandspit_5","Pugettia",1
2015,"choked","choked_sandspit","6","choked_sandspit_6","Caprella.californica",1
2015,"choked","choked_sandspit","6","choked_sandspit_6","Caprella.laeviuscula",1
2015,"choked","choked_sandspit","6","choked_sandspit_6","Gammaidean.Amphipod",157
2015,"choked","choked_sandspit","6","choked_sandspit_6","Idoteidae",5
2015,"choked","choked_sandspit","6","choked_sandspit_6","Lacuna",3
2015,"choked","choked_sandspit","6","choked_sandspit_6","Margarites.helicinus",7
2015,"choked","choked_sandspit","6","choked_sandspit_6","Ostracoda",6
2015,"choked","choked_sandspit","6","choked_sandspit_6","Platynereis",5
2015,"choked","choked_sandspit","6","choked_sandspit_6","Podoceridae",5
2015,"goose","goose_north","1","goose_north_1","Amphissa",2
2015,"goose","goose_north","1","goose_north_1","Ampithoidae",12
2015,"goose","goose_north","1","goose_north_1","Aoroides",1
2015,"goose","goose_north","1","goose_north_1","Caprella.californica",16
2015,"goose","goose_north","1","goose_north_1","Caprella.laeviuscula",8
2015,"goose","goose_north","1","goose_north_1","Colus",1
2015,"goose","goose_north","1","goose_north_1","Gammaidean.Amphipod",84
2015,"goose","goose_north","1","goose_north_1","Leptochelia",90
2015,"goose","goose_north","1","goose_north_1","Margarites.helicinus",5
2015,"goose","goose_north","1","goose_north_1","Platynereis",9
2015,"goose","goose_north","1","goose_north_1","Podoceridae",9
2015,"goose","goose_north","1","goose_north_1","Pugettia",2
2015,"goose","goose_north","2","goose_north_2","Aoroides",1
2015,"goose","goose_north","2","goose_north_2","Calliostoma",1
2015,"goose","goose_north","2","goose_north_2","Caprella.californica",12
2015,"goose","goose_north","2","goose_north_2","Caprella.laeviuscula",23
2015,"goose","goose_north","2","goose_north_2","Gammaidean.Amphipod",3
2015,"goose","goose_north","2","goose_north_2","Hyalidae",1
2015,"goose","goose_north","2","goose_north_2","Leptochelia",8
2015,"goose","goose_north","2","goose_north_2","Margarites.helicinus",1
2015,"goose","goose_north","2","goose_north_2","Platynereis",2
2015,"goose","goose_north","2","goose_north_2","Podoceridae",6
2015,"goose","goose_north","3","goose_north_3","Aoroides",6
2015,"goose","goose_north","3","goose_north_3","Caprella.californica",1
2015,"goose","goose_north","3","goose_north_3","Gammaidean.Amphipod",87
2015,"goose","goose_north","3","goose_north_3","Hyalidae",1
2015,"goose","goose_north","3","goose_north_3","Isaeidae",1
2015,"goose","goose_north","3","goose_north_3","Lacuna",1
2015,"goose","goose_north","3","goose_north_3","Leptochelia",10
2015,"goose","goose_north","3","goose_north_3","Nereis",1
2015,"goose","goose_north","3","goose_north_3","Platynereis",24
2015,"goose","goose_north","3","goose_north_3","Podoceridae",17
2015,"goose","goose_north","3","goose_north_3","Pugettia",1
2015,"goose","goose_north","4","goose_north_4","Ampithoidae",1
2015,"goose","goose_north","4","goose_north_4","Caprella.californica",19
2015,"goose","goose_north","4","goose_north_4","Caprella.laeviuscula",10
2015,"goose","goose_north","4","goose_north_4","Caprella.mutica",5
2015,"goose","goose_north","4","goose_north_4","Gammaidean.Amphipod",9
2015,"goose","goose_north","4","goose_north_4","Leptochelia",3
2015,"goose","goose_north","4","goose_north_4","Margarites.pupillus",2
2015,"goose","goose_north","4","goose_north_4","Neostylidium.eschrichtii",1
2015,"goose","goose_north","4","goose_north_4","Paguridae",1
2015,"goose","goose_north","4","goose_north_4","Platynereis",3
2015,"goose","goose_north","4","goose_north_4","Podoceridae",17
2015,"goose","goose_north","4","goose_north_4","Pugettia",1
2015,"goose","goose_north","5","goose_north_5","Aoroides",5
2015,"goose","goose_north","5","goose_north_5","Caprella.californica",8
2015,"goose","goose_north","5","goose_north_5","Caprella.laeviuscula",2
2015,"goose","goose_north","5","goose_north_5","Gammaidean.Amphipod",23
2015,"goose","goose_north","5","goose_north_5","Leptasterias.hexactis",1
2015,"goose","goose_north","5","goose_north_5","Leptochelia",10
2015,"goose","goose_north","5","goose_north_5","Margarites.helicinus",2
2015,"goose","goose_north","5","goose_north_5","Platynereis",2
2015,"goose","goose_north","5","goose_north_5","Podoceridae",7
2015,"goose","goose_north","6","goose_north_6","Caprella.californica",5
2015,"goose","goose_north","6","goose_north_6","Caprella.laeviuscula",8
2015,"goose","goose_north","6","goose_north_6","Caprella.mutica",1
2015,"goose","goose_north","6","goose_north_6","Gammaidean.Amphipod",10
2015,"goose","goose_north","6","goose_north_6","Leptochelia",1
2015,"goose","goose_north","6","goose_north_6","Nereis",2
2015,"goose","goose_north","6","goose_north_6","Platynereis",2
2015,"goose","goose_north","6","goose_north_6","Podoceridae",1
2015,"goose","goose_south_east","1","goose_south_east_1","Caprella.californica",2
2015,"goose","goose_south_east","1","goose_south_east_1","Caprella.laeviuscula",2
2015,"goose","goose_south_east","1","goose_south_east_1","Gammaidean.Amphipod",16
2015,"goose","goose_south_east","1","goose_south_east_1","Hyalidae",6
2015,"goose","goose_south_east","1","goose_south_east_1","Platynereis",1
2015,"goose","goose_south_east","2","goose_south_east_2","Caprella.laeviuscula",1
2015,"goose","goose_south_east","2","goose_south_east_2","Gammaidean.Amphipod",11
2015,"goose","goose_south_east","2","goose_south_east_2","Hyalidae",1
2015,"goose","goose_south_east","2","goose_south_east_2","Idoteidae",6
2015,"goose","goose_south_east","2","goose_south_east_2","Margarites.pupillus",1
2015,"goose","goose_south_east","2","goose_south_east_2","Nereis",1
2015,"goose","goose_south_east","2","goose_south_east_2","Pentidotea",1
2015,"goose","goose_south_east","2","goose_south_east_2","Pugettia",1
2015,"goose","goose_south_east","3","goose_south_east_3","Caprella.californica",1
2015,"goose","goose_south_east","3","goose_south_east_3","Gammaidean.Amphipod",24
2015,"goose","goose_south_east","3","goose_south_east_3","Idoteidae",6
2015,"goose","goose_south_east","3","goose_south_east_3","Margarites.helicinus",25
2015,"goose","goose_south_east","3","goose_south_east_3","Margarites.pupillus",1
2015,"goose","goose_south_east","3","goose_south_east_3","Nereis",1
2015,"goose","goose_south_east","3","goose_south_east_3","Platynereis",1
2015,"goose","goose_south_east","4","goose_south_east_4","Caprella.laeviuscula",1
2015,"goose","goose_south_east","4","goose_south_east_4","Gammaidean.Amphipod",15
2015,"goose","goose_south_east","4","goose_south_east_4","Hyalidae",1
2015,"goose","goose_south_east","4","goose_south_east_4","Idoteidae",4
2015,"goose","goose_south_east","4","goose_south_east_4","Margarites.helicinus",3
2015,"goose","goose_south_east","4","goose_south_east_4","Nereis",1
2015,"goose","goose_south_east","4","goose_south_east_4","Pentidotea",1
2015,"goose","goose_south_east","4","goose_south_east_4","Platynereis",6
2015,"goose","goose_south_east","4","goose_south_east_4","Podoceridae",1
2015,"goose","goose_south_east","4","goose_south_east_4","Pycnogonid",1
2015,"goose","goose_south_east","5","goose_south_east_5","Aoroides",2
2015,"goose","goose_south_east","5","goose_south_east_5","Caprella.californica",3
2015,"goose","goose_south_east","5","goose_south_east_5","Caprella.laeviuscula",1
2015,"goose","goose_south_east","5","goose_south_east_5","Gammaidean.Amphipod",83
2015,"goose","goose_south_east","5","goose_south_east_5","Hyalidae",1
2015,"goose","goose_south_east","5","goose_south_east_5","Idoteidae",10
2015,"goose","goose_south_east","5","goose_south_east_5","Leptasterias.hexactis",1
2015,"goose","goose_south_east","5","goose_south_east_5","Pentidotea",3
2015,"goose","goose_south_east","5","goose_south_east_5","Platynereis",2
2015,"goose","goose_south_east","5","goose_south_east_5","Podoceridae",5
2015,"goose","goose_south_east","6","goose_south_east_6","Caprella.californica",2
2015,"goose","goose_south_east","6","goose_south_east_6","Caprella.laeviuscula",11
2015,"goose","goose_south_east","6","goose_south_east_6","Gammaidean.Amphipod",6
2015,"goose","goose_south_east","6","goose_south_east_6","Idoteidae",2
2015,"goose","goose_south_east","6","goose_south_east_6","Margarites.helicinus",1
2015,"goose","goose_south_east","6","goose_south_east_6","Nereis",1
2015,"goose","goose_south_west","1","goose_south_west_1","Aoroides",4
2015,"goose","goose_south_west","1","goose_south_west_1","Caprella.californica",3
2015,"goose","goose_south_west","1","goose_south_west_1","Caprella.laeviuscula",15
2015,"goose","goose_south_west","1","goose_south_west_1","Caprella.mutica",1
2015,"goose","goose_south_west","1","goose_south_west_1","Gammaidean.Amphipod",31
2015,"goose","goose_south_west","1","goose_south_west_1","Leptochelia",6
2015,"goose","goose_south_west","1","goose_south_west_1","Margarites.helicinus",2
2015,"goose","goose_south_west","1","goose_south_west_1","Nereis",2
2015,"goose","goose_south_west","1","goose_south_west_1","Pentidotea",2
2015,"goose","goose_south_west","1","goose_south_west_1","Platynereis",15
2015,"goose","goose_south_west","1","goose_south_west_1","Podoceridae",2
2015,"goose","goose_south_west","2","goose_south_west_2","Amphipholis.pugetana",2
2015,"goose","goose_south_west","2","goose_south_west_2","Caprella.laeviuscula",6
2015,"goose","goose_south_west","2","goose_south_west_2","Gammaidean.Amphipod",39
2015,"goose","goose_south_west","2","goose_south_west_2","Idoteidae",2
2015,"goose","goose_south_west","2","goose_south_west_2","Leptasterias.hexactis",3
2015,"goose","goose_south_west","2","goose_south_west_2","Leptochelia",51
2015,"goose","goose_south_west","2","goose_south_west_2","Margarites.helicinus",7
2015,"goose","goose_south_west","2","goose_south_west_2","Margarites.pupillus",1
2015,"goose","goose_south_west","2","goose_south_west_2","Neostylidium.eschrichtii",4
2015,"goose","goose_south_west","2","goose_south_west_2","Nereis",4
2015,"goose","goose_south_west","2","goose_south_west_2","Pentidotea",1
2015,"goose","goose_south_west","2","goose_south_west_2","Platynereis",7
2015,"goose","goose_south_west","2","goose_south_west_2","Podoceridae",5
2015,"goose","goose_south_west","2","goose_south_west_2","Pugettia",1
2015,"goose","goose_south_west","3","goose_south_west_3","Amphissa",1
2015,"goose","goose_south_west","3","goose_south_west_3","Aoroides",1
2015,"goose","goose_south_west","3","goose_south_west_3","Caprella.californica",6
2015,"goose","goose_south_west","3","goose_south_west_3","Caprella.laeviuscula",1
2015,"goose","goose_south_west","3","goose_south_west_3","Gammaidean.Amphipod",58
2015,"goose","goose_south_west","3","goose_south_west_3","Idoteidae",1
2015,"goose","goose_south_west","3","goose_south_west_3","Margarites.helicinus",5
2015,"goose","goose_south_west","3","goose_south_west_3","Nereis",1
2015,"goose","goose_south_west","3","goose_south_west_3","Pentidotea",2
2015,"goose","goose_south_west","3","goose_south_west_3","Platynereis",7
2015,"goose","goose_south_west","3","goose_south_west_3","Podoceridae",12
2015,"goose","goose_south_west","4","goose_south_west_4","Amphipholis.pugetana",1
2015,"goose","goose_south_west","4","goose_south_west_4","Gammaidean.Amphipod",11
2015,"goose","goose_south_west","4","goose_south_west_4","Leptochelia",3
2015,"goose","goose_south_west","4","goose_south_west_4","Nereis",3
2015,"goose","goose_south_west","4","goose_south_west_4","Pentidotea",2
2015,"goose","goose_south_west","4","goose_south_west_4","Platynereis",6
2015,"goose","goose_south_west","4","goose_south_west_4","Podoceridae",1
2015,"goose","goose_south_west","5","goose_south_west_5","Amphipholis.pugetana",1
2015,"goose","goose_south_west","5","goose_south_west_5","Caprella.californica",9
2015,"goose","goose_south_west","5","goose_south_west_5","Caprella.laeviuscula",32
2015,"goose","goose_south_west","5","goose_south_west_5","Caprella.mutica",1
2015,"goose","goose_south_west","5","goose_south_west_5","Gammaidean.Amphipod",13
2015,"goose","goose_south_west","5","goose_south_west_5","Hyalidae",1
2015,"goose","goose_south_west","5","goose_south_west_5","Leptasterias.hexactis",1
2015,"goose","goose_south_west","5","goose_south_west_5","Leptochelia",14
2015,"goose","goose_south_west","5","goose_south_west_5","Margarites.helicinus",2
2015,"goose","goose_south_west","5","goose_south_west_5","Pentidotea",1
2015,"goose","goose_south_west","5","goose_south_west_5","Platynereis",1
2015,"goose","goose_south_west","5","goose_south_west_5","Podoceridae",7
2015,"goose","goose_south_west","6","goose_south_west_6","Caprella.californica",7
2015,"goose","goose_south_west","6","goose_south_west_6","Caprella.laeviuscula",31
2015,"goose","goose_south_west","6","goose_south_west_6","Gammaidean.Amphipod",16
2015,"goose","goose_south_west","6","goose_south_west_6","Leptochelia",8
2015,"goose","goose_south_west","6","goose_south_west_6","Platynereis",1
2015,"goose","goose_south_west","6","goose_south_west_6","Podoceridae",3
2015,"mcmullin","mcmullin_north","1","mcmullin_north_1","Aoroides",1
2015,"mcmullin","mcmullin_north","1","mcmullin_north_1","Caprella.californica",31
2015,"mcmullin","mcmullin_north","1","mcmullin_north_1","Caprella.laeviuscula",12
2015,"mcmullin","mcmullin_north","1","mcmullin_north_1","Eusiroidea",2
2015,"mcmullin","mcmullin_north","1","mcmullin_north_1","Exogone",2
2015,"mcmullin","mcmullin_north","1","mcmullin_north_1","Gammaidean.Amphipod",24
2015,"mcmullin","mcmullin_north","1","mcmullin_north_1","Harpacticoida",18
2015,"mcmullin","mcmullin_north","1","mcmullin_north_1","Isaeidae",2
2015,"mcmullin","mcmullin_north","1","mcmullin_north_1","Leptasterias.hexactis",2
2015,"mcmullin","mcmullin_north","1","mcmullin_north_1","Leptochelia",31
2015,"mcmullin","mcmullin_north","1","mcmullin_north_1","Platynereis",4
2015,"mcmullin","mcmullin_north","1","mcmullin_north_1","Podoceridae",6
2015,"mcmullin","mcmullin_north","2","mcmullin_north_2","Caprella.californica",18
2015,"mcmullin","mcmullin_north","2","mcmullin_north_2","Caprella.laeviuscula",6
2015,"mcmullin","mcmullin_north","2","mcmullin_north_2","Eusiroidea",1
2015,"mcmullin","mcmullin_north","2","mcmullin_north_2","Gammaidean.Amphipod",58
2015,"mcmullin","mcmullin_north","2","mcmullin_north_2","Harpacticoida",5
2015,"mcmullin","mcmullin_north","2","mcmullin_north_2","Lacuna",1
2015,"mcmullin","mcmullin_north","2","mcmullin_north_2","Leptochelia",3
2015,"mcmullin","mcmullin_north","2","mcmullin_north_2","Nereis",1
2015,"mcmullin","mcmullin_north","2","mcmullin_north_2","Platynereis",9
2015,"mcmullin","mcmullin_north","2","mcmullin_north_2","Podoceridae",2
2015,"mcmullin","mcmullin_north","3","mcmullin_north_3","Caprella.californica",6
2015,"mcmullin","mcmullin_north","3","mcmullin_north_3","Caprella.laeviuscula",35
2015,"mcmullin","mcmullin_north","3","mcmullin_north_3","Eusiroidea",1
2015,"mcmullin","mcmullin_north","3","mcmullin_north_3","Gammaidean.Amphipod",40
2015,"mcmullin","mcmullin_north","3","mcmullin_north_3","Isaeidae",1
2015,"mcmullin","mcmullin_north","3","mcmullin_north_3","Leptochelia",20
2015,"mcmullin","mcmullin_north","3","mcmullin_north_3","Margarites.helicinus",1
2015,"mcmullin","mcmullin_north","3","mcmullin_north_3","Nereis",3
2015,"mcmullin","mcmullin_north","3","mcmullin_north_3","Podoceridae",4
2015,"mcmullin","mcmullin_north","4","mcmullin_north_4","Caprella.californica",5
2015,"mcmullin","mcmullin_north","4","mcmullin_north_4","Caprella.laeviuscula",10
2015,"mcmullin","mcmullin_north","4","mcmullin_north_4","Gammaidean.Amphipod",124
2015,"mcmullin","mcmullin_north","4","mcmullin_north_4","Harpacticoida",42
2015,"mcmullin","mcmullin_north","4","mcmullin_north_4","Hyalidae",1
2015,"mcmullin","mcmullin_north","4","mcmullin_north_4","Lacuna",4
2015,"mcmullin","mcmullin_north","4","mcmullin_north_4","Leptochelia",15
2015,"mcmullin","mcmullin_north","4","mcmullin_north_4","Nereis",2
2015,"mcmullin","mcmullin_north","4","mcmullin_north_4","Platynereis",1
2015,"mcmullin","mcmullin_north","4","mcmullin_north_4","Podoceridae",5
2015,"mcmullin","mcmullin_north","4","mcmullin_north_4","Pugettia",4
2015,"mcmullin","mcmullin_north","5","mcmullin_north_5","Caprella.californica",4
2015,"mcmullin","mcmullin_north","5","mcmullin_north_5","Caprella.laeviuscula",3
2015,"mcmullin","mcmullin_north","5","mcmullin_north_5","Leptochelia",1
2015,"mcmullin","mcmullin_north","5","mcmullin_north_5","Podoceridae",7
2015,"mcmullin","mcmullin_north","5","mcmullin_north_5","Pugettia",1
2015,"mcmullin","mcmullin_north","6","mcmullin_north_6","Amphipholis.pugetana",2
2015,"mcmullin","mcmullin_north","6","mcmullin_north_6","Caprella.californica",18
2015,"mcmullin","mcmullin_north","6","mcmullin_north_6","Caprella.laeviuscula",9
2015,"mcmullin","mcmullin_north","6","mcmullin_north_6","Gammaidean.Amphipod",40
2015,"mcmullin","mcmullin_north","6","mcmullin_north_6","Harpacticoida",7
2015,"mcmullin","mcmullin_north","6","mcmullin_north_6","Hyalidae",1
2015,"mcmullin","mcmullin_north","6","mcmullin_north_6","Isaeidae",7
2015,"mcmullin","mcmullin_north","6","mcmullin_north_6","Lacuna",2
2015,"mcmullin","mcmullin_north","6","mcmullin_north_6","Leptochelia",8
2015,"mcmullin","mcmullin_north","6","mcmullin_north_6","Margarites.pupillus",1
2015,"mcmullin","mcmullin_north","6","mcmullin_north_6","Neostylidium.eschrichtii",1
2015,"mcmullin","mcmullin_north","6","mcmullin_north_6","Nereis",1
2015,"mcmullin","mcmullin_north","6","mcmullin_north_6","Pentidotea",1
2015,"mcmullin","mcmullin_north","6","mcmullin_north_6","Platynereis",1
2015,"mcmullin","mcmullin_north","6","mcmullin_north_6","Pugettia",3
2015,"mcmullin","mcmullin_south","1","mcmullin_south_1","Caprella.californica",6
2015,"mcmullin","mcmullin_south","1","mcmullin_south_1","Caprella.laeviuscula",187
2015,"mcmullin","mcmullin_south","1","mcmullin_south_1","Gammaidean.Amphipod",17
2015,"mcmullin","mcmullin_south","1","mcmullin_south_1","Leptochelia",2
2015,"mcmullin","mcmullin_south","1","mcmullin_south_1","Margarites.pupillus",2
2015,"mcmullin","mcmullin_south","1","mcmullin_south_1","Metacarcinus.magister",1
2015,"mcmullin","mcmullin_south","1","mcmullin_south_1","Platynereis",4
2015,"mcmullin","mcmullin_south","1","mcmullin_south_1","Podoceridae",1
2015,"mcmullin","mcmullin_south","2","mcmullin_south_2","Alia.carinata",1
2015,"mcmullin","mcmullin_south","2","mcmullin_south_2","Amphipholis.pugetana",3
2015,"mcmullin","mcmullin_south","2","mcmullin_south_2","Caprella.californica",5
2015,"mcmullin","mcmullin_south","2","mcmullin_south_2","Caprella.laeviuscula",300
2015,"mcmullin","mcmullin_south","2","mcmullin_south_2","Gammaidean.Amphipod",73
2015,"mcmullin","mcmullin_south","2","mcmullin_south_2","Haminoe",1
2015,"mcmullin","mcmullin_south","2","mcmullin_south_2","Leptochelia",8
2015,"mcmullin","mcmullin_south","2","mcmullin_south_2","Margarites.helicinus",1
2015,"mcmullin","mcmullin_south","2","mcmullin_south_2","Metacarcinus.magister",1
2015,"mcmullin","mcmullin_south","2","mcmullin_south_2","Mytilidae",3
2015,"mcmullin","mcmullin_south","2","mcmullin_south_2","Nereis",1
2015,"mcmullin","mcmullin_south","2","mcmullin_south_2","Platynereis",1
2015,"mcmullin","mcmullin_south","2","mcmullin_south_2","Podoceridae",3
2015,"mcmullin","mcmullin_south","2","mcmullin_south_2","Pugettia",1
2015,"mcmullin","mcmullin_south","3","mcmullin_south_3","Alia.carinata",2
2015,"mcmullin","mcmullin_south","3","mcmullin_south_3","Amphipholis.pugetana",1
2015,"mcmullin","mcmullin_south","3","mcmullin_south_3","Amphissa",1
2015,"mcmullin","mcmullin_south","3","mcmullin_south_3","Caprella.californica",22
2015,"mcmullin","mcmullin_south","3","mcmullin_south_3","Caprella.laeviuscula",305
2015,"mcmullin","mcmullin_south","3","mcmullin_south_3","Gammaidean.Amphipod",45
2015,"mcmullin","mcmullin_south","3","mcmullin_south_3","Leptasterias.hexactis",1
2015,"mcmullin","mcmullin_south","3","mcmullin_south_3","Leptochelia",13
2015,"mcmullin","mcmullin_south","3","mcmullin_south_3","Nereis",3
2015,"mcmullin","mcmullin_south","3","mcmullin_south_3","Platynereis",3
2015,"mcmullin","mcmullin_south","3","mcmullin_south_3","Podoceridae",6
2015,"mcmullin","mcmullin_south","3","mcmullin_south_3","Pugettia",2
2015,"mcmullin","mcmullin_south","4","mcmullin_south_4","Caprella.californica",5
2015,"mcmullin","mcmullin_south","4","mcmullin_south_4","Caprella.laeviuscula",392
2015,"mcmullin","mcmullin_south","4","mcmullin_south_4","Gammaidean.Amphipod",45
2015,"mcmullin","mcmullin_south","4","mcmullin_south_4","Leptochelia",1
2015,"mcmullin","mcmullin_south","4","mcmullin_south_4","Margarites.helicinus",1
2015,"mcmullin","mcmullin_south","4","mcmullin_south_4","Neostylidium.eschrichtii",1
2015,"mcmullin","mcmullin_south","4","mcmullin_south_4","Nereis",1
2015,"mcmullin","mcmullin_south","4","mcmullin_south_4","Platynereis",3
2015,"mcmullin","mcmullin_south","4","mcmullin_south_4","Podoceridae",2
2015,"mcmullin","mcmullin_south","5","mcmullin_south_5","Caprella.californica",1
2015,"mcmullin","mcmullin_south","5","mcmullin_south_5","Caprella.laeviuscula",74
2015,"mcmullin","mcmullin_south","5","mcmullin_south_5","Gammaidean.Amphipod",13
2015,"mcmullin","mcmullin_south","5","mcmullin_south_5","Leptochelia",1
2015,"mcmullin","mcmullin_south","5","mcmullin_south_5","Pugettia",4
2015,"mcmullin","mcmullin_south","6","mcmullin_south_6","Ampithoidae",1
2015,"mcmullin","mcmullin_south","6","mcmullin_south_6","Caprella.californica",20
2015,"mcmullin","mcmullin_south","6","mcmullin_south_6","Caprella.laeviuscula",622
2015,"mcmullin","mcmullin_south","6","mcmullin_south_6","Gammaidean.Amphipod",14
2015,"mcmullin","mcmullin_south","6","mcmullin_south_6","Leptochelia",2
2015,"mcmullin","mcmullin_south","6","mcmullin_south_6","Margarites.helicinus",1
2015,"mcmullin","mcmullin_south","6","mcmullin_south_6","Pugettia",1
2015,"triquet","triquet_north","2","triquet_north_2","Alia.carinata",2
2015,"triquet","triquet_north","2","triquet_north_2","Caprella.californica",8
2015,"triquet","triquet_north","2","triquet_north_2","Caprella.laeviuscula",19
2015,"triquet","triquet_north","2","triquet_north_2","Leptochelia",1
2015,"triquet","triquet_north","2","triquet_north_2","Platynereis",1
2015,"triquet","triquet_north","3","triquet_north_3","Alia.carinata",10
2015,"triquet","triquet_north","3","triquet_north_3","Caprella.californica",6
2015,"triquet","triquet_north","3","triquet_north_3","Caprella.laeviuscula",31
2015,"triquet","triquet_north","3","triquet_north_3","Eusiroidea",1
2015,"triquet","triquet_north","3","triquet_north_3","Gammaidean.Amphipod",15
2015,"triquet","triquet_north","3","triquet_north_3","Hyalidae",1
2015,"triquet","triquet_north","3","triquet_north_3","Isaeidae",1
2015,"triquet","triquet_north","3","triquet_north_3","Lacuna",1
2015,"triquet","triquet_north","3","triquet_north_3","Margarites.helicinus",5
2015,"triquet","triquet_north","3","triquet_north_3","Margarites.pupillus",3
2015,"triquet","triquet_north","3","triquet_north_3","Platynereis",10
2015,"triquet","triquet_north","3","triquet_north_3","Podoceridae",4
2015,"triquet","triquet_north","4","triquet_north_4","Alia.carinata",2
2015,"triquet","triquet_north","4","triquet_north_4","Caprella.californica",6
2015,"triquet","triquet_north","4","triquet_north_4","Caprella.laeviuscula",31
2015,"triquet","triquet_north","4","triquet_north_4","Gammaidean.Amphipod",9
2015,"triquet","triquet_north","4","triquet_north_4","Isaeidae",1
2015,"triquet","triquet_north","4","triquet_north_4","Leptochelia",1
2015,"triquet","triquet_north","4","triquet_north_4","Margarites.pupillus",2
2015,"triquet","triquet_north","4","triquet_north_4","Platynereis",2
2015,"triquet","triquet_north","4","triquet_north_4","Podoceridae",1
2015,"triquet","triquet_north","5","triquet_north_5","Caprella.californica",9
2015,"triquet","triquet_north","5","triquet_north_5","Caprella.laeviuscula",49
2015,"triquet","triquet_north","5","triquet_north_5","Gammaidean.Amphipod",9
2015,"triquet","triquet_north","5","triquet_north_5","Leptochelia",1
2015,"triquet","triquet_north","5","triquet_north_5","Margarites.helicinus",1
2015,"triquet","triquet_north","5","triquet_north_5","Platynereis",3
2015,"triquet","triquet_north","5","triquet_north_5","Podoceridae",1
2015,"triquet","triquet_north","6","triquet_north_6","Caprella.californica",1
2015,"triquet","triquet_north","6","triquet_north_6","Caprella.laeviuscula",8
2015,"triquet","triquet_north","6","triquet_north_6","Eusiroidea",2
2015,"triquet","triquet_north","6","triquet_north_6","Gammaidean.Amphipod",5
2015,"triquet","triquet_north","6","triquet_north_6","Leptochelia",10
2015,"triquet","triquet_north","6","triquet_north_6","Lottia.alveus",1
2015,"triquet","triquet_north","6","triquet_north_6","Margarites.helicinus",1
2015,"triquet","triquet_north","6","triquet_north_6","Margarites.pupillus",2
2015,"triquet","triquet_north","6","triquet_north_6","Platynereis",4
2015,"triquet","triquet_south","1","triquet_south_1","Amphipholis.pugetana",1
2015,"triquet","triquet_south","1","triquet_south_1","Caprella.californica",3
2015,"triquet","triquet_south","1","triquet_south_1","Caprella.laeviuscula",19
2015,"triquet","triquet_south","1","triquet_south_1","Gammaidean.Amphipod",5
2015,"triquet","triquet_south","1","triquet_south_1","Heptacarpus",1
2015,"triquet","triquet_south","1","triquet_south_1","Isaeidae",1
2015,"triquet","triquet_south","1","triquet_south_1","Margarites.helicinus",2
2015,"triquet","triquet_south","1","triquet_south_1","Mytilidae",1
2015,"triquet","triquet_south","1","triquet_south_1","Nassarius",1
2015,"triquet","triquet_south","1","triquet_south_1","Platynereis",1
2015,"triquet","triquet_south","1","triquet_south_1","Podoceridae",1
2015,"triquet","triquet_south","1","triquet_south_1","Pugettia",1
2015,"triquet","triquet_south","2","triquet_south_2","Alia.carinata",1
2015,"triquet","triquet_south","2","triquet_south_2","Caprella.laeviuscula",7
2015,"triquet","triquet_south","2","triquet_south_2","Podoceridae",1
2015,"triquet","triquet_south","2","triquet_south_2","Pugettia",2
2015,"triquet","triquet_south","3","triquet_south_3","Amphipholis.pugetana",1
2015,"triquet","triquet_south","3","triquet_south_3","Caprella.californica",3
2015,"triquet","triquet_south","3","triquet_south_3","Caprella.laeviuscula",5
2015,"triquet","triquet_south","3","triquet_south_3","Gammaidean.Amphipod",1
2015,"triquet","triquet_south","3","triquet_south_3","Nassarius",1
2015,"triquet","triquet_south","4","triquet_south_4","Amphipholis.pugetana",4
2015,"triquet","triquet_south","4","triquet_south_4","Ampithoidae",1
2015,"triquet","triquet_south","4","triquet_south_4","Caprella.californica",4
2015,"triquet","triquet_south","4","triquet_south_4","Caprella.laeviuscula",32
2015,"triquet","triquet_south","4","triquet_south_4","Gammaidean.Amphipod",27
2015,"triquet","triquet_south","4","triquet_south_4","Leptochelia",2
2015,"triquet","triquet_south","4","triquet_south_4","Margarites.helicinus",1
2015,"triquet","triquet_south","4","triquet_south_4","Nereis",1
2015,"triquet","triquet_south","4","triquet_south_4","Platynereis",3
2015,"triquet","triquet_south","4","triquet_south_4","Podoceridae",2
2015,"triquet","triquet_south","5","triquet_south_5","Caprella.californica",12
2015,"triquet","triquet_south","5","triquet_south_5","Caprella.laeviuscula",84
2015,"triquet","triquet_south","5","triquet_south_5","Gammaidean.Amphipod",5
2015,"triquet","triquet_south","5","triquet_south_5","Leptochelia",3
2015,"triquet","triquet_south","5","triquet_south_5","Nereis",1
2015,"triquet","triquet_south","5","triquet_south_5","Platynereis",3
2015,"triquet","triquet_south","5","triquet_south_5","Podoceridae",2
2015,"triquet","triquet_south","5","triquet_south_5","Pugettia",1
2015,"triquet","triquet_south","6","triquet_south_6","Amphipholis.pugetana",1
2015,"triquet","triquet_south","6","triquet_south_6","Caprella.californica",2
2015,"triquet","triquet_south","6","triquet_south_6","Caprella.laeviuscula",19
2015,"triquet","triquet_south","6","triquet_south_6","Gammaidean.Amphipod",5
2015,"triquet","triquet_south","6","triquet_south_6","Leptochelia",6
2015,"triquet","triquet_south","6","triquet_south_6","Margarites.helicinus",1
2015,"triquet","triquet_south","6","triquet_south_6","Neostylidium.eschrichtii",2
2015,"triquet","triquet_south","6","triquet_south_6","Nereis",1
2015,"triquet","triquet_south","6","triquet_south_6","Podoceridae",1
2016,"choked","choked_inner","1","choked_inner_1","Actiniidae",5
2016,"choked","choked_inner","1","choked_inner_1","Amphissa",2
2016,"choked","choked_inner","1","choked_inner_1","Ampithoidae",3
2016,"choked","choked_inner","1","choked_inner_1","Aoroides",6
2016,"choked","choked_inner","1","choked_inner_1","Gammaridea",4
2016,"choked","choked_inner","1","choked_inner_1","Hyalidae",2
2016,"choked","choked_inner","1","choked_inner_1","Idoteidae",2
2016,"choked","choked_inner","1","choked_inner_1","Isaeidae",2
2016,"choked","choked_inner","1","choked_inner_1","Ischyroceridae",1
2016,"choked","choked_inner","1","choked_inner_1","Lacuna",16
2016,"choked","choked_inner","1","choked_inner_1","Leptochelia",2
2016,"choked","choked_inner","1","choked_inner_1","Nereididae",1
2016,"choked","choked_inner","1","choked_inner_1","Ostracoda",1
2016,"choked","choked_inner","1","choked_inner_1","Photis",1
2016,"choked","choked_inner","1","choked_inner_1","Phyllodoce",1
2016,"choked","choked_inner","1","choked_inner_1","Platynereis",15
2016,"choked","choked_inner","1","choked_inner_1","Pontogeneia",1
2016,"choked","choked_inner","1","choked_inner_1","Porcellidium",2
2016,"choked","choked_inner","2","choked_inner_2","Actiniidae",2
2016,"choked","choked_inner","2","choked_inner_2","Amphissa",1
2016,"choked","choked_inner","2","choked_inner_2","Ampithoidae",16
2016,"choked","choked_inner","2","choked_inner_2","Aoroides",11
2016,"choked","choked_inner","2","choked_inner_2","Caprella",25
2016,"choked","choked_inner","2","choked_inner_2","Eusiroidea",5
2016,"choked","choked_inner","2","choked_inner_2","Gammaridea",136
2016,"choked","choked_inner","2","choked_inner_2","Gammaropsis",1
2016,"choked","choked_inner","2","choked_inner_2","Harpacticoida",48
2016,"choked","choked_inner","2","choked_inner_2","Hyalidae",4
2016,"choked","choked_inner","2","choked_inner_2","Idoteidae",8
2016,"choked","choked_inner","2","choked_inner_2","Isaeidae",33
2016,"choked","choked_inner","2","choked_inner_2","Ischyroceridae",33
2016,"choked","choked_inner","2","choked_inner_2","Lacuna",29
2016,"choked","choked_inner","2","choked_inner_2","Leptochelia",3
2016,"choked","choked_inner","2","choked_inner_2","Lumbrineridae",4
2016,"choked","choked_inner","2","choked_inner_2","Nereididae",5
2016,"choked","choked_inner","2","choked_inner_2","Ostracoda",9
2016,"choked","choked_inner","2","choked_inner_2","Photis",6
2016,"choked","choked_inner","2","choked_inner_2","Phyllodoce",2
2016,"choked","choked_inner","2","choked_inner_2","Phyllodocida",5
2016,"choked","choked_inner","2","choked_inner_2","Platynereis",10
2016,"choked","choked_inner","2","choked_inner_2","Pontogeneia",2
2016,"choked","choked_inner","2","choked_inner_2","Porcellidium",106
2016,"choked","choked_inner","2","choked_inner_2","Pugettia",2
2016,"choked","choked_inner","4","choked_inner_4","Actiniidae",5
2016,"choked","choked_inner","4","choked_inner_4","Ampithoidae",7
2016,"choked","choked_inner","4","choked_inner_4","Aoroides",9
2016,"choked","choked_inner","4","choked_inner_4","Bivalvia",5
2016,"choked","choked_inner","4","choked_inner_4","Caprella",2
2016,"choked","choked_inner","4","choked_inner_4","Eusiroidea",1
2016,"choked","choked_inner","4","choked_inner_4","Gammaridea",118
2016,"choked","choked_inner","4","choked_inner_4","Gammaropsis",1
2016,"choked","choked_inner","4","choked_inner_4","Harpacticoida",35
2016,"choked","choked_inner","4","choked_inner_4","Idoteidae",9
2016,"choked","choked_inner","4","choked_inner_4","Isaeidae",21
2016,"choked","choked_inner","4","choked_inner_4","Ischyroceridae",6
2016,"choked","choked_inner","4","choked_inner_4","Lacuna",38
2016,"choked","choked_inner","4","choked_inner_4","Leptochelia",7
2016,"choked","choked_inner","4","choked_inner_4","Mytilidae",2
2016,"choked","choked_inner","4","choked_inner_4","Nereididae",1
2016,"choked","choked_inner","4","choked_inner_4","Ostracoda",3
2016,"choked","choked_inner","4","choked_inner_4","Photis",1
2016,"choked","choked_inner","4","choked_inner_4","Phyllodoce",2
2016,"choked","choked_inner","4","choked_inner_4","Phyllodocida",1
2016,"choked","choked_inner","4","choked_inner_4","Platynereis",2
2016,"choked","choked_inner","4","choked_inner_4","Pontogeneia",4
2016,"choked","choked_inner","4","choked_inner_4","Porcellidium",310
2016,"choked","choked_inner","5","choked_inner_5","Actiniidae",16
2016,"choked","choked_inner","5","choked_inner_5","Ampithoidae",1
2016,"choked","choked_inner","5","choked_inner_5","Aoroides",6
2016,"choked","choked_inner","5","choked_inner_5","Caprella",12
2016,"choked","choked_inner","5","choked_inner_5","Enteropneusta",1
2016,"choked","choked_inner","5","choked_inner_5","Eusiroidea",1
2016,"choked","choked_inner","5","choked_inner_5","Gammaridea",29
2016,"choked","choked_inner","5","choked_inner_5","Harpacticoida",23
2016,"choked","choked_inner","5","choked_inner_5","Idoteidae",12
2016,"choked","choked_inner","5","choked_inner_5","Isaeidae",4
2016,"choked","choked_inner","5","choked_inner_5","Lacuna",38
2016,"choked","choked_inner","5","choked_inner_5","Munnidae",3
2016,"choked","choked_inner","5","choked_inner_5","Nereididae",2
2016,"choked","choked_inner","5","choked_inner_5","Ostracoda",4
2016,"choked","choked_inner","5","choked_inner_5","Photis",1
2016,"choked","choked_inner","5","choked_inner_5","Phyllodoce",1
2016,"choked","choked_inner","5","choked_inner_5","Phyllodocida",13
2016,"choked","choked_inner","5","choked_inner_5","Platynereis",4
2016,"choked","choked_inner","5","choked_inner_5","Porcellidium",94
2016,"choked","choked_inner","6","choked_inner_6","Actiniidae",7
2016,"choked","choked_inner","6","choked_inner_6","Ampithoidae",2
2016,"choked","choked_inner","6","choked_inner_6","Aoroides",3
2016,"choked","choked_inner","6","choked_inner_6","Eusiroidea",1
2016,"choked","choked_inner","6","choked_inner_6","Gammaridea",19
2016,"choked","choked_inner","6","choked_inner_6","Harpacticoida",6
2016,"choked","choked_inner","6","choked_inner_6","Idoteidae",7
2016,"choked","choked_inner","6","choked_inner_6","Isaeidae",2
2016,"choked","choked_inner","6","choked_inner_6","Lacuna",42
2016,"choked","choked_inner","6","choked_inner_6","Nereididae",2
2016,"choked","choked_inner","6","choked_inner_6","Phyllodoce",1
2016,"choked","choked_inner","6","choked_inner_6","Porcellidium",17
2016,"choked","choked_inner","9","choked_inner_9","Actiniidae",11
2016,"choked","choked_inner","9","choked_inner_9","Aoroides",3
2016,"choked","choked_inner","9","choked_inner_9","Gammaridea",11
2016,"choked","choked_inner","9","choked_inner_9","Harpacticoida",4
2016,"choked","choked_inner","9","choked_inner_9","Idoteidae",5
2016,"choked","choked_inner","9","choked_inner_9","Isaeidae",7
2016,"choked","choked_inner","9","choked_inner_9","Lacuna",69
2016,"choked","choked_inner","9","choked_inner_9","Lumbrineridae",3
2016,"choked","choked_inner","9","choked_inner_9","Mytilidae",5
2016,"choked","choked_inner","9","choked_inner_9","Ostracoda",1
2016,"choked","choked_inner","9","choked_inner_9","Phyllodoce",1
2016,"choked","choked_inner","9","choked_inner_9","Phyllodocida",1
2016,"choked","choked_inner","9","choked_inner_9","Porcellidium",21
2016,"choked","choked_sandspit","1","choked_sandspit_1","Actiniidae",14
2016,"choked","choked_sandspit","1","choked_sandspit_1","Ampithoidae",3
2016,"choked","choked_sandspit","1","choked_sandspit_1","Aoroides",6
2016,"choked","choked_sandspit","1","choked_sandspit_1","Caprella",1
2016,"choked","choked_sandspit","1","choked_sandspit_1","Cymadusa.uncinata",1
2016,"choked","choked_sandspit","1","choked_sandspit_1","Gammaridea",30
2016,"choked","choked_sandspit","1","choked_sandspit_1","Harpacticoida",46
2016,"choked","choked_sandspit","1","choked_sandspit_1","Idoteidae",10
2016,"choked","choked_sandspit","1","choked_sandspit_1","Isaeidae",6
2016,"choked","choked_sandspit","1","choked_sandspit_1","Ischyroceridae",1
2016,"choked","choked_sandspit","1","choked_sandspit_1","Lacuna",43
2016,"choked","choked_sandspit","1","choked_sandspit_1","Leptochelia",27
2016,"choked","choked_sandspit","1","choked_sandspit_1","Lirularia.lirulata",6
2016,"choked","choked_sandspit","1","choked_sandspit_1","Lumbrineridae",1
2016,"choked","choked_sandspit","1","choked_sandspit_1","Munnidae",2
2016,"choked","choked_sandspit","1","choked_sandspit_1","Mytilidae",1
2016,"choked","choked_sandspit","1","choked_sandspit_1","Nereididae",4
2016,"choked","choked_sandspit","1","choked_sandspit_1","Ostracoda",1
2016,"choked","choked_sandspit","1","choked_sandspit_1","Paguridae",1
2016,"choked","choked_sandspit","1","choked_sandspit_1","Phyllodocida",10
2016,"choked","choked_sandspit","1","choked_sandspit_1","Platynereis",9
2016,"choked","choked_sandspit","1","choked_sandspit_1","Pontogeneia",1
2016,"choked","choked_sandspit","1","choked_sandspit_1","Pontogeneia.inermis",1
2016,"choked","choked_sandspit","1","choked_sandspit_1","Porcellidium",143
2016,"choked","choked_sandspit","1","choked_sandspit_1","Pugettia",6
2016,"choked","choked_sandspit","2","choked_sandspit_2","Actiniidae",8
2016,"choked","choked_sandspit","2","choked_sandspit_2","Aoroides",12
2016,"choked","choked_sandspit","2","choked_sandspit_2","Caprella",2
2016,"choked","choked_sandspit","2","choked_sandspit_2","Eusiroidea",2
2016,"choked","choked_sandspit","2","choked_sandspit_2","Gammaridea",66
2016,"choked","choked_sandspit","2","choked_sandspit_2","Gammaropsis",2
2016,"choked","choked_sandspit","2","choked_sandspit_2","Harpacticoida",87
2016,"choked","choked_sandspit","2","choked_sandspit_2","Isaeidae",3
2016,"choked","choked_sandspit","2","choked_sandspit_2","Lacuna",32
2016,"choked","choked_sandspit","2","choked_sandspit_2","Leptochelia",130
2016,"choked","choked_sandspit","2","choked_sandspit_2","Lirularia.lirulata",2
2016,"choked","choked_sandspit","2","choked_sandspit_2","Lumbrineridae",7
2016,"choked","choked_sandspit","2","choked_sandspit_2","Munnidae",2
2016,"choked","choked_sandspit","2","choked_sandspit_2","Mytilidae",2
2016,"choked","choked_sandspit","2","choked_sandspit_2","Nereididae",7
2016,"choked","choked_sandspit","2","choked_sandspit_2","Ostracoda",26
2016,"choked","choked_sandspit","2","choked_sandspit_2","Photis",1
2016,"choked","choked_sandspit","2","choked_sandspit_2","Phyllodocida",5
2016,"choked","choked_sandspit","2","choked_sandspit_2","Platynereis",9
2016,"choked","choked_sandspit","2","choked_sandspit_2","Pontogeneia",2
2016,"choked","choked_sandspit","2","choked_sandspit_2","Pontogeneia.inermis",1
2016,"choked","choked_sandspit","2","choked_sandspit_2","Porcellidium",137
2016,"choked","choked_sandspit","2","choked_sandspit_2","Pugettia",5
2016,"choked","choked_sandspit","2","choked_sandspit_2","Rissoidae",1
2016,"choked","choked_sandspit","3","choked_sandspit_3","Actiniidae",17
2016,"choked","choked_sandspit","3","choked_sandspit_3","Ampithoidae",1
2016,"choked","choked_sandspit","3","choked_sandspit_3","Aoroides",2
2016,"choked","choked_sandspit","3","choked_sandspit_3","Caprella",2
2016,"choked","choked_sandspit","3","choked_sandspit_3","Corophiidae",1
2016,"choked","choked_sandspit","3","choked_sandspit_3","Eusiroidea",3
2016,"choked","choked_sandspit","3","choked_sandspit_3","Gammaridea",14
2016,"choked","choked_sandspit","3","choked_sandspit_3","Gammaropsis",1
2016,"choked","choked_sandspit","3","choked_sandspit_3","Harpacticoida",30
2016,"choked","choked_sandspit","3","choked_sandspit_3","Isaeidae",2
2016,"choked","choked_sandspit","3","choked_sandspit_3","Ischyroceridae",1
2016,"choked","choked_sandspit","3","choked_sandspit_3","Lacuna",18
2016,"choked","choked_sandspit","3","choked_sandspit_3","Leptochelia",16
2016,"choked","choked_sandspit","3","choked_sandspit_3","Lirularia.lirulata",1
2016,"choked","choked_sandspit","3","choked_sandspit_3","Lumbrineridae",2
2016,"choked","choked_sandspit","3","choked_sandspit_3","Mytilidae",2
2016,"choked","choked_sandspit","3","choked_sandspit_3","Nereididae",1
2016,"choked","choked_sandspit","3","choked_sandspit_3","Ostracoda",8
2016,"choked","choked_sandspit","3","choked_sandspit_3","Phyllodocida",8
2016,"choked","choked_sandspit","3","choked_sandspit_3","Platynereis",58
2016,"choked","choked_sandspit","3","choked_sandspit_3","Pontogeneia",4
2016,"choked","choked_sandspit","3","choked_sandspit_3","Porcellidium",62
2016,"choked","choked_sandspit","3","choked_sandspit_3","Protohyale",1
2016,"choked","choked_sandspit","3","choked_sandspit_3","Pugettia",4
2016,"choked","choked_sandspit","3","choked_sandspit_3","Rissoidae",1
2016,"choked","choked_sandspit","4","choked_sandspit_4","Actiniidae",10
2016,"choked","choked_sandspit","4","choked_sandspit_4","Ampithoidae",12
2016,"choked","choked_sandspit","4","choked_sandspit_4","Aoroides",14
2016,"choked","choked_sandspit","4","choked_sandspit_4","Caprella",5
2016,"choked","choked_sandspit","4","choked_sandspit_4","Eusiroidea",17
2016,"choked","choked_sandspit","4","choked_sandspit_4","Gammaridea",66
2016,"choked","choked_sandspit","4","choked_sandspit_4","Gammaropsis",3
2016,"choked","choked_sandspit","4","choked_sandspit_4","Harpacticoida",39
2016,"choked","choked_sandspit","4","choked_sandspit_4","Idoteidae",1
2016,"choked","choked_sandspit","4","choked_sandspit_4","Isaeidae",29
2016,"choked","choked_sandspit","4","choked_sandspit_4","Ischyroceridae",3
2016,"choked","choked_sandspit","4","choked_sandspit_4","Lacuna",54
2016,"choked","choked_sandspit","4","choked_sandspit_4","Leptochelia",30
2016,"choked","choked_sandspit","4","choked_sandspit_4","Lirularia.lirulata",1
2016,"choked","choked_sandspit","4","choked_sandspit_4","Lumbrineridae",4
2016,"choked","choked_sandspit","4","choked_sandspit_4","Munnidae",1
2016,"choked","choked_sandspit","4","choked_sandspit_4","Mytilidae",2
2016,"choked","choked_sandspit","4","choked_sandspit_4","Ostracoda",6
2016,"choked","choked_sandspit","4","choked_sandspit_4","Paguridae",1
2016,"choked","choked_sandspit","4","choked_sandspit_4","Photis",6
2016,"choked","choked_sandspit","4","choked_sandspit_4","Phyllodocida",2
2016,"choked","choked_sandspit","4","choked_sandspit_4","Platynereis",32
2016,"choked","choked_sandspit","4","choked_sandspit_4","Pontogeneia",6
2016,"choked","choked_sandspit","4","choked_sandspit_4","Porcellidium",231
2016,"choked","choked_sandspit","4","choked_sandspit_4","Protohyale.jarrettae",1
2016,"choked","choked_sandspit","4","choked_sandspit_4","Pugettia",1
2016,"choked","choked_sandspit","4","choked_sandspit_4","Sunamphitoe",2
2016,"choked","choked_sandspit","5","choked_sandspit_5","Actiniidae",4
2016,"choked","choked_sandspit","5","choked_sandspit_5","Amphissa",5
2016,"choked","choked_sandspit","5","choked_sandspit_5","Aoroides",43
2016,"choked","choked_sandspit","5","choked_sandspit_5","Caprella",1
2016,"choked","choked_sandspit","5","choked_sandspit_5","Eusiroidea",23
2016,"choked","choked_sandspit","5","choked_sandspit_5","Gammaridea",99
2016,"choked","choked_sandspit","5","choked_sandspit_5","Gammaropsis",12
2016,"choked","choked_sandspit","5","choked_sandspit_5","Harpacticoida",105
2016,"choked","choked_sandspit","5","choked_sandspit_5","Idoteidae",4
2016,"choked","choked_sandspit","5","choked_sandspit_5","Isaeidae",20
2016,"choked","choked_sandspit","5","choked_sandspit_5","Lacuna",66
2016,"choked","choked_sandspit","5","choked_sandspit_5","Leptochelia",19
2016,"choked","choked_sandspit","5","choked_sandspit_5","Lirularia.lirulata",3
2016,"choked","choked_sandspit","5","choked_sandspit_5","Mytilidae",1
2016,"choked","choked_sandspit","5","choked_sandspit_5","Nereididae",4
2016,"choked","choked_sandspit","5","choked_sandspit_5","Ostracoda",17
2016,"choked","choked_sandspit","5","choked_sandspit_5","Paguridae",1
2016,"choked","choked_sandspit","5","choked_sandspit_5","Phyllodoce",1
2016,"choked","choked_sandspit","5","choked_sandspit_5","Phyllodocida",6
2016,"choked","choked_sandspit","5","choked_sandspit_5","Platynereis",21
2016,"choked","choked_sandspit","5","choked_sandspit_5","Pontogeneia",12
2016,"choked","choked_sandspit","5","choked_sandspit_5","Porcellidium",176
2016,"choked","choked_sandspit","5","choked_sandspit_5","Pugettia",4
2016,"choked","choked_sandspit","5","choked_sandspit_5","Rissoidae",1
2016,"choked","choked_sandspit","9","choked_sandspit_9","Ampithoidae",1
2016,"choked","choked_sandspit","9","choked_sandspit_9","Aoroides",5
2016,"choked","choked_sandspit","9","choked_sandspit_9","Corophiidae",1
2016,"choked","choked_sandspit","9","choked_sandspit_9","Eulalia",1
2016,"choked","choked_sandspit","9","choked_sandspit_9","Gammaridea",4
2016,"choked","choked_sandspit","9","choked_sandspit_9","Gammaropsis",5
2016,"choked","choked_sandspit","9","choked_sandspit_9","Isaeidae",4
2016,"choked","choked_sandspit","9","choked_sandspit_9","Lacuna",50
2016,"choked","choked_sandspit","9","choked_sandspit_9","Photis",4
2016,"choked","choked_sandspit","9","choked_sandspit_9","Phyllodoce",1
2016,"choked","choked_sandspit","9","choked_sandspit_9","Platynereis",23
2016,"choked","choked_sandspit","9","choked_sandspit_9","Pontogeneia",3
2016,"choked","choked_sandspit","9","choked_sandspit_9","Porcellidium",4
2016,"choked","choked_sandspit","9","choked_sandspit_9","Protomedeia",1
2016,"choked","choked_sandspit","9","choked_sandspit_9","Pugettia",6
2016,"goose","goose_south_west","2","goose_south_west_2","Aoroides",1
2016,"goose","goose_south_west","2","goose_south_west_2","Exogone",1
2016,"goose","goose_south_west","2","goose_south_west_2","Gammaridea",7
2016,"goose","goose_south_west","2","goose_south_west_2","Gammaropsis",3
2016,"goose","goose_south_west","2","goose_south_west_2","Harpacticoida",2
2016,"goose","goose_south_west","2","goose_south_west_2","Isaeidae",8
2016,"goose","goose_south_west","2","goose_south_west_2","Lacuna",1
2016,"goose","goose_south_west","2","goose_south_west_2","Leptochelia",35
2016,"goose","goose_south_west","2","goose_south_west_2","Munnidae",1
2016,"goose","goose_south_west","2","goose_south_west_2","Nereididae",1
2016,"goose","goose_south_west","2","goose_south_west_2","Phyllodoce",8
2016,"goose","goose_south_west","2","goose_south_west_2","Phyllodocida",5
2016,"goose","goose_south_west","2","goose_south_west_2","Platynereis",2
2016,"goose","goose_south_west","2","goose_south_west_2","Porcellidium",14
2016,"goose","goose_south_west","2","goose_south_west_2","Pugettia",1
2016,"goose","goose_south_west","3","goose_south_west_3","Anthuridae",1
2016,"goose","goose_south_west","3","goose_south_west_3","Aoroides",4
2016,"goose","goose_south_west","3","goose_south_west_3","Corophiidae",1
2016,"goose","goose_south_west","3","goose_south_west_3","Enteropneusta",1
2016,"goose","goose_south_west","3","goose_south_west_3","Gammaridea",10
2016,"goose","goose_south_west","3","goose_south_west_3","Gammaropsis",5
2016,"goose","goose_south_west","3","goose_south_west_3","Harpacticoida",2
2016,"goose","goose_south_west","3","goose_south_west_3","Isaeidae",10
2016,"goose","goose_south_west","3","goose_south_west_3","Leptochelia",60
2016,"goose","goose_south_west","3","goose_south_west_3","Ostracoda",4
2016,"goose","goose_south_west","3","goose_south_west_3","Phyllodoce",1
2016,"goose","goose_south_west","3","goose_south_west_3","Platynereis",7
2016,"goose","goose_south_west","3","goose_south_west_3","Porcellidium",5
2016,"goose","goose_south_west","3","goose_south_west_3","Solasteridae",1
2016,"goose","goose_south_west","3","goose_south_west_3","Syllidae",1
2016,"goose","goose_south_west","3","goose_south_west_3",NA,1
2016,"goose","goose_south_west","4","goose_south_west_4","Gammaridea",2
2016,"goose","goose_south_west","4","goose_south_west_4","Gammaropsis",1
2016,"goose","goose_south_west","4","goose_south_west_4","Isaeidae",1
2016,"goose","goose_south_west","4","goose_south_west_4","Leptochelia",49
2016,"goose","goose_south_west","4","goose_south_west_4","Mytilidae",1
2016,"goose","goose_south_west","4","goose_south_west_4","Nereididae",2
2016,"goose","goose_south_west","4","goose_south_west_4","Ophiuroidea",1
2016,"goose","goose_south_west","4","goose_south_west_4","Phyllodoce",3
2016,"goose","goose_south_west","4","goose_south_west_4","Phyllodocida",7
2016,"goose","goose_south_west","4","goose_south_west_4","Platynereis",5
2016,"goose","goose_south_west","4","goose_south_west_4","Porcellidium",8
2016,"goose","goose_south_west","4","goose_south_west_4",NA,1
2016,"goose","goose_south_west","7","goose_south_west_7","Corophiidae",1
2016,"goose","goose_south_west","7","goose_south_west_7","Ericthonius",1
2016,"goose","goose_south_west","7","goose_south_west_7","Gammaridea",15
2016,"goose","goose_south_west","7","goose_south_west_7","Gammaropsis",10
2016,"goose","goose_south_west","7","goose_south_west_7","Harpacticoida",15
2016,"goose","goose_south_west","7","goose_south_west_7","Hesionidae",1
2016,"goose","goose_south_west","7","goose_south_west_7","Isaeidae",2
2016,"goose","goose_south_west","7","goose_south_west_7","Leptochelia",13
2016,"goose","goose_south_west","7","goose_south_west_7","Nereididae",8
2016,"goose","goose_south_west","7","goose_south_west_7","Pentidotea",1
2016,"goose","goose_south_west","7","goose_south_west_7","Photis",1
2016,"goose","goose_south_west","7","goose_south_west_7","Phyllodocida",3
2016,"goose","goose_south_west","7","goose_south_west_7","Platynereis",3
2016,"goose","goose_south_west","7","goose_south_west_7","Pontogeneia.intermedia",1
2016,"goose","goose_south_west","7","goose_south_west_7","Porcellidium",53
2016,"goose","goose_south_west","7","goose_south_west_7","Syllidae",1
2016,"goose","goose_south_west","7","goose_south_west_7",NA,1
2016,"goose","goose_south_west","8","goose_south_west_8","Aoroides",5
2016,"goose","goose_south_west","8","goose_south_west_8","Caprella",4
2016,"goose","goose_south_west","8","goose_south_west_8","Gammaridea",3
2016,"goose","goose_south_west","8","goose_south_west_8","Harpacticoida",1
2016,"goose","goose_south_west","8","goose_south_west_8","Leptochelia",19
2016,"goose","goose_south_west","8","goose_south_west_8","Pholoinae",2
2016,"goose","goose_south_west","8","goose_south_west_8","Phyllodocida",5
2016,"goose","goose_south_west","8","goose_south_west_8",NA,4
2016,"goose","goose_south_west","9","goose_south_west_9","Anoplodactylus",1
2016,"goose","goose_south_west","9","goose_south_west_9","Caprella",2
2016,"goose","goose_south_west","9","goose_south_west_9","Corophiidae",6
2016,"goose","goose_south_west","9","goose_south_west_9","Ericthonius",2
2016,"goose","goose_south_west","9","goose_south_west_9","Gammaridea",18
2016,"goose","goose_south_west","9","goose_south_west_9","Harpacticoida",5
2016,"goose","goose_south_west","9","goose_south_west_9","Isaeidae",1
2016,"goose","goose_south_west","9","goose_south_west_9","Leptochelia",30
2016,"goose","goose_south_west","9","goose_south_west_9","Littorinidae",2
2016,"goose","goose_south_west","9","goose_south_west_9","Munnidae",1
2016,"goose","goose_south_west","9","goose_south_west_9","Nereididae",6
2016,"goose","goose_south_west","9","goose_south_west_9","Paramoera",2
2016,"goose","goose_south_west","9","goose_south_west_9","Phyllodocida",3
2016,"goose","goose_south_west","9","goose_south_west_9","Platynereis",2
2016,"goose","goose_south_west","9","goose_south_west_9","Porcellidium",5
2016,"pruth","pruth_pocket","1","pruth_pocket_1","Alvania.compacta",5
2016,"pruth","pruth_pocket","1","pruth_pocket_1","Amphissa",2
2016,"pruth","pruth_pocket","1","pruth_pocket_1","Ampithoidae",20
2016,"pruth","pruth_pocket","1","pruth_pocket_1","Aoroides",18
2016,"pruth","pruth_pocket","1","pruth_pocket_1","Caprella",116
2016,"pruth","pruth_pocket","1","pruth_pocket_1","Caprella.californica",44
2016,"pruth","pruth_pocket","1","pruth_pocket_1","Caprella.laeviuscula",427
2016,"pruth","pruth_pocket","1","pruth_pocket_1","Corophiidae",1
2016,"pruth","pruth_pocket","1","pruth_pocket_1","Gammaridea",21
2016,"pruth","pruth_pocket","1","pruth_pocket_1","Halacaridae",1
2016,"pruth","pruth_pocket","1","pruth_pocket_1","Harpacticoida",27
2016,"pruth","pruth_pocket","1","pruth_pocket_1","Hesionidae",3
2016,"pruth","pruth_pocket","1","pruth_pocket_1","Idoteidae",16
2016,"pruth","pruth_pocket","1","pruth_pocket_1","Ischyroceridae",9
2016,"pruth","pruth_pocket","1","pruth_pocket_1","Lacuna",116
2016,"pruth","pruth_pocket","1","pruth_pocket_1","Littorinidae",1
2016,"pruth","pruth_pocket","1","pruth_pocket_1","Munnidae",4
2016,"pruth","pruth_pocket","1","pruth_pocket_1","Mytilidae",1
2016,"pruth","pruth_pocket","1","pruth_pocket_1","Nereididae",6
2016,"pruth","pruth_pocket","1","pruth_pocket_1","Ostracoda",2
2016,"pruth","pruth_pocket","1","pruth_pocket_1","Photis",2
2016,"pruth","pruth_pocket","1","pruth_pocket_1","Platynereis",2
2016,"pruth","pruth_pocket","1","pruth_pocket_1","Polychaeta",7
2016,"pruth","pruth_pocket","1","pruth_pocket_1","Porcellidium",70
2016,"pruth","pruth_pocket","1","pruth_pocket_1","Sthenelais",4
2016,"pruth","pruth_pocket","2","pruth_pocket_2","Alvania.compacta",53
2016,"pruth","pruth_pocket","2","pruth_pocket_2","Ampithoidae",6
2016,"pruth","pruth_pocket","2","pruth_pocket_2","Aoroides",9
2016,"pruth","pruth_pocket","2","pruth_pocket_2","Balanus",1
2016,"pruth","pruth_pocket","2","pruth_pocket_2","Caprella",5
2016,"pruth","pruth_pocket","2","pruth_pocket_2","Caprella.laeviuscula",307
2016,"pruth","pruth_pocket","2","pruth_pocket_2","Gammaridea",23
2016,"pruth","pruth_pocket","2","pruth_pocket_2","Halacaridae",11
2016,"pruth","pruth_pocket","2","pruth_pocket_2","Harpacticoida",147
2016,"pruth","pruth_pocket","2","pruth_pocket_2","Ischyroceridae",14
2016,"pruth","pruth_pocket","2","pruth_pocket_2","Lacuna",101
2016,"pruth","pruth_pocket","2","pruth_pocket_2","Leptochelia",1
2016,"pruth","pruth_pocket","2","pruth_pocket_2","Metacarcinus.magister",1
2016,"pruth","pruth_pocket","2","pruth_pocket_2","Munnidae",32
2016,"pruth","pruth_pocket","2","pruth_pocket_2","Mytilidae",5
2016,"pruth","pruth_pocket","2","pruth_pocket_2","Nereididae",25
2016,"pruth","pruth_pocket","2","pruth_pocket_2","Ostracoda",49
2016,"pruth","pruth_pocket","2","pruth_pocket_2","Photis",3
2016,"pruth","pruth_pocket","2","pruth_pocket_2","Platynereis",17
2016,"pruth","pruth_pocket","2","pruth_pocket_2","Pontogeneia.inermis",1
2016,"pruth","pruth_pocket","2","pruth_pocket_2","Porcellidium",49
2016,"pruth","pruth_pocket","2","pruth_pocket_2","Pugettia",1
2016,"pruth","pruth_pocket","5","pruth_pocket_5","Alvania.compacta",2
2016,"pruth","pruth_pocket","5","pruth_pocket_5","Ampithoidae",8
2016,"pruth","pruth_pocket","5","pruth_pocket_5","Aoroides",29
2016,"pruth","pruth_pocket","5","pruth_pocket_5","Caprella",1
2016,"pruth","pruth_pocket","5","pruth_pocket_5","Caprella.laeviuscula",143
2016,"pruth","pruth_pocket","5","pruth_pocket_5","Gammaridea",16
2016,"pruth","pruth_pocket","5","pruth_pocket_5","Halacaridae",2
2016,"pruth","pruth_pocket","5","pruth_pocket_5","Harpacticoida",46
2016,"pruth","pruth_pocket","5","pruth_pocket_5","Hesionidae",4
2016,"pruth","pruth_pocket","5","pruth_pocket_5","Ischyroceridae",5
2016,"pruth","pruth_pocket","5","pruth_pocket_5","Lacuna",121
2016,"pruth","pruth_pocket","5","pruth_pocket_5","Munnidae",18
2016,"pruth","pruth_pocket","5","pruth_pocket_5","Mytilidae",2
2016,"pruth","pruth_pocket","5","pruth_pocket_5","Nereididae",8
2016,"pruth","pruth_pocket","5","pruth_pocket_5","Ostracoda",16
2016,"pruth","pruth_pocket","5","pruth_pocket_5","Phyllodocida",1
2016,"pruth","pruth_pocket","5","pruth_pocket_5","Platynereis",7
2016,"pruth","pruth_pocket","5","pruth_pocket_5","Polychaeta",1
2016,"pruth","pruth_pocket","5","pruth_pocket_5","Pontogeneia.inermis",3
2016,"pruth","pruth_pocket","5","pruth_pocket_5","Porcellidium",60
2016,"pruth","pruth_pocket","6","pruth_pocket_6","Alvania.compacta",7
2016,"pruth","pruth_pocket","6","pruth_pocket_6","Ampithoidae",6
2016,"pruth","pruth_pocket","6","pruth_pocket_6","Aoroides",38
2016,"pruth","pruth_pocket","6","pruth_pocket_6","Caprella",2
2016,"pruth","pruth_pocket","6","pruth_pocket_6","Caprella.californica",2
2016,"pruth","pruth_pocket","6","pruth_pocket_6","Caprella.laeviuscula",220
2016,"pruth","pruth_pocket","6","pruth_pocket_6","Gammaridea",61
2016,"pruth","pruth_pocket","6","pruth_pocket_6","Halacaridae",2
2016,"pruth","pruth_pocket","6","pruth_pocket_6","Harpacticoida",116
2016,"pruth","pruth_pocket","6","pruth_pocket_6","Idoteidae",1
2016,"pruth","pruth_pocket","6","pruth_pocket_6","Isaeidae",2
2016,"pruth","pruth_pocket","6","pruth_pocket_6","Ischyroceridae",15
2016,"pruth","pruth_pocket","6","pruth_pocket_6","Lacuna",136
2016,"pruth","pruth_pocket","6","pruth_pocket_6","Monocorophium",1
2016,"pruth","pruth_pocket","6","pruth_pocket_6","Munnidae",45
2016,"pruth","pruth_pocket","6","pruth_pocket_6","Mytilidae",3
2016,"pruth","pruth_pocket","6","pruth_pocket_6","Nereididae",19
2016,"pruth","pruth_pocket","6","pruth_pocket_6","Ostracoda",12
2016,"pruth","pruth_pocket","6","pruth_pocket_6","Phyllodocida",1
2016,"pruth","pruth_pocket","6","pruth_pocket_6","Platynereis",9
2016,"pruth","pruth_pocket","6","pruth_pocket_6","Porcellidium",238
2016,"pruth","pruth_pocket","6","pruth_pocket_6","Pugettia",1
2016,"pruth","pruth_pocket","6","pruth_pocket_6","Sthenelais",3
2016,"pruth","pruth_pocket","9","pruth_pocket_9","Alvania.compacta",2
2016,"pruth","pruth_pocket","9","pruth_pocket_9","Aoroides",30
2016,"pruth","pruth_pocket","9","pruth_pocket_9","Caprella.californica",4
2016,"pruth","pruth_pocket","9","pruth_pocket_9","Caprella.laeviuscula",242
2016,"pruth","pruth_pocket","9","pruth_pocket_9","Eusiroidea",1
2016,"pruth","pruth_pocket","9","pruth_pocket_9","Gammaridea",23
2016,"pruth","pruth_pocket","9","pruth_pocket_9","Harpacticoida",42
2016,"pruth","pruth_pocket","9","pruth_pocket_9","Ischyroceridae",7
2016,"pruth","pruth_pocket","9","pruth_pocket_9","Lacuna",58
2016,"pruth","pruth_pocket","9","pruth_pocket_9","Munnidae",9
2016,"pruth","pruth_pocket","9","pruth_pocket_9","Nereididae",13
2016,"pruth","pruth_pocket","9","pruth_pocket_9","Photis",8
2016,"pruth","pruth_pocket","9","pruth_pocket_9","Polychaeta",1
2016,"pruth","pruth_pocket","9","pruth_pocket_9","Pontogeneia.inermis",1
2016,"pruth","pruth_pocket","9","pruth_pocket_9","Porcellidium",22
2016,"pruth","pruth_pocket","9","pruth_pocket_9","Pugettia",1
2016,"pruth","pruth_pocket","9","pruth_pocket_9","Sunamphitoe",1
2016,"triquet","triquet_north","1","triquet_north_1","Anthuridae",2
2016,"triquet","triquet_north","1","triquet_north_1","Aoroides",3
2016,"triquet","triquet_north","1","triquet_north_1","Gammaridea",8
2016,"triquet","triquet_north","1","triquet_north_1","Harpacticoida",5
2016,"triquet","triquet_north","1","triquet_north_1","Isaeidae",1
2016,"triquet","triquet_north","1","triquet_north_1","Leptochelia",10
2016,"triquet","triquet_north","1","triquet_north_1","Lumbrineridae",3
2016,"triquet","triquet_north","1","triquet_north_1","Nereididae",8
2016,"triquet","triquet_north","1","triquet_north_1","Paguridae",1
2016,"triquet","triquet_north","1","triquet_north_1","Phyllodocida",3
2016,"triquet","triquet_north","1","triquet_north_1","Pilargidae",3
2016,"triquet","triquet_north","1","triquet_north_1","Platynereis",29
2016,"triquet","triquet_north","1","triquet_north_1","Porcellidium",32
2016,"triquet","triquet_north","1","triquet_north_1","Pugettia",2
2016,"triquet","triquet_north","2","triquet_north_2","Actiniidae",2
2016,"triquet","triquet_north","2","triquet_north_2","Anthuridae",1
2016,"triquet","triquet_north","2","triquet_north_2","Aoroides",1
2016,"triquet","triquet_north","2","triquet_north_2","Caprella",1
2016,"triquet","triquet_north","2","triquet_north_2","Gammaridea",7
2016,"triquet","triquet_north","2","triquet_north_2","Harpacticoida",6
2016,"triquet","triquet_north","2","triquet_north_2","Isaeidae",1
2016,"triquet","triquet_north","2","triquet_north_2","Ischyroceridae",1
2016,"triquet","triquet_north","2","triquet_north_2","Lacuna",12
2016,"triquet","triquet_north","2","triquet_north_2","Leptochelia",5
2016,"triquet","triquet_north","2","triquet_north_2","Munnidae",1
2016,"triquet","triquet_north","2","triquet_north_2","Phyllodocida",1
2016,"triquet","triquet_north","2","triquet_north_2","Platynereis",11
2016,"triquet","triquet_north","2","triquet_north_2","Pleustidae",1
2016,"triquet","triquet_north","2","triquet_north_2","Porcellidium",19
2016,"triquet","triquet_north","2","triquet_north_2","Pugettia",1
2016,"triquet","triquet_north","3","triquet_north_3","Ampithoidae",1
2016,"triquet","triquet_north","3","triquet_north_3","Aoroides",3
2016,"triquet","triquet_north","3","triquet_north_3","Caprella",55
2016,"triquet","triquet_north","3","triquet_north_3","Gammaridea",20
2016,"triquet","triquet_north","3","triquet_north_3","Harpacticoida",23
2016,"triquet","triquet_north","3","triquet_north_3","Isaeidae",11
2016,"triquet","triquet_north","3","triquet_north_3","Lacuna",1
2016,"triquet","triquet_north","3","triquet_north_3","Nereididae",1
2016,"triquet","triquet_north","3","triquet_north_3","Paguridae",1
2016,"triquet","triquet_north","3","triquet_north_3","Phyllodocida",3
2016,"triquet","triquet_north","3","triquet_north_3","Porcellidium",111
2016,"triquet","triquet_north","3","triquet_north_3","Stenothoidae",1
2016,"triquet","triquet_north","5","triquet_north_5","Americorphium",1
2016,"triquet","triquet_north","5","triquet_north_5","Aoroides",1
2016,"triquet","triquet_north","5","triquet_north_5","Bivalvia",1
2016,"triquet","triquet_north","5","triquet_north_5","Caprella",5
2016,"triquet","triquet_north","5","triquet_north_5","Corophiidae",2
2016,"triquet","triquet_north","5","triquet_north_5","Gammaridea",12
2016,"triquet","triquet_north","5","triquet_north_5","Harpacticoida",28
2016,"triquet","triquet_north","5","triquet_north_5","Isaeidae",1
2016,"triquet","triquet_north","5","triquet_north_5","Lacuna",14
2016,"triquet","triquet_north","5","triquet_north_5","Littorinimorpha",1
2016,"triquet","triquet_north","5","triquet_north_5","Nereididae",3
2016,"triquet","triquet_north","5","triquet_north_5","Phyllodocida",9
2016,"triquet","triquet_north","5","triquet_north_5","Platynereis",1
2016,"triquet","triquet_north","5","triquet_north_5","Porcellidium",278
2016,"triquet","triquet_north","5","triquet_north_5","Pycnogonida",1
2016,"triquet","triquet_north","7","triquet_north_7","Actiniidae",2
2016,"triquet","triquet_north","7","triquet_north_7","Amphissa",1
2016,"triquet","triquet_north","7","triquet_north_7","Caprella",4
2016,"triquet","triquet_north","7","triquet_north_7","Corophiidae",1
2016,"triquet","triquet_north","7","triquet_north_7","Gammaridea",8
2016,"triquet","triquet_north","7","triquet_north_7","Harpacticoida",4
2016,"triquet","triquet_north","7","triquet_north_7","Lacuna",1
2016,"triquet","triquet_north","7","triquet_north_7","Leptochelia",28
2016,"triquet","triquet_north","7","triquet_north_7","Littorinimorpha",1
2016,"triquet","triquet_north","7","triquet_north_7","Lumbrineridae",1
2016,"triquet","triquet_north","7","triquet_north_7","Nereididae",9
2016,"triquet","triquet_north","7","triquet_north_7","Phyllodocida",4
2016,"triquet","triquet_north","7","triquet_north_7","Platynereis",11
2016,"triquet","triquet_north","7","triquet_north_7","Porcellidium",31
2016,"triquet","triquet_north","7","triquet_north_7","Pugettia",3
2016,"triquet","triquet_north","8","triquet_north_8","Bivalvia",4
2016,"triquet","triquet_north","8","triquet_north_8","Caprella",388
2016,"triquet","triquet_north","8","triquet_north_8","Corophiidae",2
2016,"triquet","triquet_north","8","triquet_north_8","Cymadusa.uncinata",1
2016,"triquet","triquet_north","8","triquet_north_8","Enteropneusta",1
2016,"triquet","triquet_north","8","triquet_north_8","Gammaridea",56
2016,"triquet","triquet_north","8","triquet_north_8","Harpacticoida",43
2016,"triquet","triquet_north","8","triquet_north_8","Isaeidae",4
2016,"triquet","triquet_north","8","triquet_north_8","Lacuna",4
2016,"triquet","triquet_north","8","triquet_north_8","Leptochelia",6
2016,"triquet","triquet_north","8","triquet_north_8","Littorinimorpha",4
2016,"triquet","triquet_north","8","triquet_north_8","Munnidae",1
2016,"triquet","triquet_north","8","triquet_north_8","Mytilidae",1
2016,"triquet","triquet_north","8","triquet_north_8","Nereididae",8
2016,"triquet","triquet_north","8","triquet_north_8","Ophiuroidea",1
2016,"triquet","triquet_north","8","triquet_north_8","Phyllodocida",13
2016,"triquet","triquet_north","8","triquet_north_8","Platynereis",3
2016,"triquet","triquet_north","8","triquet_north_8","Porcellidium",119
2016,"triquet","triquet_north","8","triquet_north_8","Pugettia",2
2016,"triquet","triquet_north","8","triquet_north_8","Syllidae",1
2016,"triquet","triquet_south","2","triquet_south_2","Actiniidae",1
2016,"triquet","triquet_south","2","triquet_south_2","Caprella",10
2016,"triquet","triquet_south","2","triquet_south_2","Eusiroidea",3
2016,"triquet","triquet_south","2","triquet_south_2","Gammaridea",13
2016,"triquet","triquet_south","2","triquet_south_2","Harpacticoida",53
2016,"triquet","triquet_south","2","triquet_south_2","Isaeidae",2
2016,"triquet","triquet_south","2","triquet_south_2","Lacuna",1
2016,"triquet","triquet_south","2","triquet_south_2","Leptochelia",36
2016,"triquet","triquet_south","2","triquet_south_2","Lumbrineridae",1
2016,"triquet","triquet_south","2","triquet_south_2","Ostracoda",4
2016,"triquet","triquet_south","2","triquet_south_2","Photis",4
2016,"triquet","triquet_south","2","triquet_south_2","Platynereis",5
2016,"triquet","triquet_south","2","triquet_south_2","Porcellidium",77
2016,"triquet","triquet_south","2","triquet_south_2","Pugettia",2
2016,"triquet","triquet_south","3","triquet_south_3","Ampithoidae",2
2016,"triquet","triquet_south","3","triquet_south_3","Aoroides",2
2016,"triquet","triquet_south","3","triquet_south_3","Caprella",5
2016,"triquet","triquet_south","3","triquet_south_3","Eusiroidea",3
2016,"triquet","triquet_south","3","triquet_south_3","Gammaridea",14
2016,"triquet","triquet_south","3","triquet_south_3","Harpacticoida",36
2016,"triquet","triquet_south","3","triquet_south_3","Isaeidae",3
2016,"triquet","triquet_south","3","triquet_south_3","Lacuna",1
2016,"triquet","triquet_south","3","triquet_south_3","Leptochelia",48
2016,"triquet","triquet_south","3","triquet_south_3","Ostracoda",7
2016,"triquet","triquet_south","3","triquet_south_3","Photis",2
2016,"triquet","triquet_south","3","triquet_south_3","Phyllodocida",2
2016,"triquet","triquet_south","3","triquet_south_3","Platynereis",7
2016,"triquet","triquet_south","3","triquet_south_3","Porcellidium",78
2016,"triquet","triquet_south","3","triquet_south_3","Pycnogonida",1
2016,"triquet","triquet_south","4","triquet_south_4","Aoroides",1
2016,"triquet","triquet_south","4","triquet_south_4","Caprella",36
2016,"triquet","triquet_south","4","triquet_south_4","Decapoda",1
2016,"triquet","triquet_south","4","triquet_south_4","Eusiroidea",1
2016,"triquet","triquet_south","4","triquet_south_4","Gammaridea",20
2016,"triquet","triquet_south","4","triquet_south_4","Harpacticoida",41
2016,"triquet","triquet_south","4","triquet_south_4","Isaeidae",1
2016,"triquet","triquet_south","4","triquet_south_4","Lacuna",1
2016,"triquet","triquet_south","4","triquet_south_4","Leptochelia",37
2016,"triquet","triquet_south","4","triquet_south_4","Lumbrineridae",2
2016,"triquet","triquet_south","4","triquet_south_4","Nereididae",1
2016,"triquet","triquet_south","4","triquet_south_4","Ostracoda",2
2016,"triquet","triquet_south","4","triquet_south_4","Photis",5
2016,"triquet","triquet_south","4","triquet_south_4","Phyllodocida",2
2016,"triquet","triquet_south","4","triquet_south_4","Platynereis",3
2016,"triquet","triquet_south","4","triquet_south_4","Porcellidium",24
2016,"triquet","triquet_south","4","triquet_south_4","Pycnogonida",2
2016,"triquet","triquet_south","5","triquet_south_5","Actiniidae",2
2016,"triquet","triquet_south","5","triquet_south_5","Ampithoidae",1
2016,"triquet","triquet_south","5","triquet_south_5","Aoroides",2
2016,"triquet","triquet_south","5","triquet_south_5","Caprella",3
2016,"triquet","triquet_south","5","triquet_south_5","Gammaridea",21
2016,"triquet","triquet_south","5","triquet_south_5","Harpacticoida",66
2016,"triquet","triquet_south","5","triquet_south_5","Isaeidae",1
2016,"triquet","triquet_south","5","triquet_south_5","Lacuna",2
2016,"triquet","triquet_south","5","triquet_south_5","Leptochelia",28
2016,"triquet","triquet_south","5","triquet_south_5","Lumbrineridae",1
2016,"triquet","triquet_south","5","triquet_south_5","Nereididae",5
2016,"triquet","triquet_south","5","triquet_south_5","Ostracoda",6
2016,"triquet","triquet_south","5","triquet_south_5","Photis",12
2016,"triquet","triquet_south","5","triquet_south_5","Phyllodocida",3
2016,"triquet","triquet_south","5","triquet_south_5","Platynereis",3
2016,"triquet","triquet_south","5","triquet_south_5","Porcellidium",182
2016,"triquet","triquet_south","6","triquet_south_6","Actiniidae",1
2016,"triquet","triquet_south","6","triquet_south_6","Aoroides",2
2016,"triquet","triquet_south","6","triquet_south_6","Caprella",71
2016,"triquet","triquet_south","6","triquet_south_6","Eusiroidea",1
2016,"triquet","triquet_south","6","triquet_south_6","Gammaridea",22
2016,"triquet","triquet_south","6","triquet_south_6","Harpacticoida",37
2016,"triquet","triquet_south","6","triquet_south_6","Isaeidae",1
2016,"triquet","triquet_south","6","triquet_south_6","Lacuna",3
2016,"triquet","triquet_south","6","triquet_south_6","Leptochelia",41
2016,"triquet","triquet_south","6","triquet_south_6","Nereididae",3
2016,"triquet","triquet_south","6","triquet_south_6","Ostracoda",2
2016,"triquet","triquet_south","6","triquet_south_6","Photis",9
2016,"triquet","triquet_south","6","triquet_south_6","Platynereis",3
2016,"triquet","triquet_south","6","triquet_south_6","Porcellidium",37
2016,"triquet","triquet_south","6","triquet_south_6","Pugettia",1
2016,"triquet","triquet_south","8","triquet_south_8","Actiniidae",1
2016,"triquet","triquet_south","8","triquet_south_8","Ampithoidae",2
2016,"triquet","triquet_south","8","triquet_south_8","Aoroides",3
2016,"triquet","triquet_south","8","triquet_south_8","Caprella",1
2016,"triquet","triquet_south","8","triquet_south_8","Decapoda",1
2016,"triquet","triquet_south","8","triquet_south_8","Eusiroidea",2
2016,"triquet","triquet_south","8","triquet_south_8","Gammaridea",17
2016,"triquet","triquet_south","8","triquet_south_8","Harpacticoida",43
2016,"triquet","triquet_south","8","triquet_south_8","Leptochelia",55
2016,"triquet","triquet_south","8","triquet_south_8","Lumbrineridae",2
2016,"triquet","triquet_south","8","triquet_south_8","Nereididae",4
2016,"triquet","triquet_south","8","triquet_south_8","Ostracoda",4
2016,"triquet","triquet_south","8","triquet_south_8","Photis",4
2016,"triquet","triquet_south","8","triquet_south_8","Platynereis",3
2016,"triquet","triquet_south","8","triquet_south_8","Porcellidium",60
2016,"triquet","triquet_south","8","triquet_south_8","Pugettia",7
2017,"choked","choked_inner","2","choked_inner_2","Amphissa",4
2017,"choked","choked_inner","2","choked_inner_2","Ampithoidae",15
2017,"choked","choked_inner","2","choked_inner_2","Aoroides",12
2017,"choked","choked_inner","2","choked_inner_2","Caprella",3
2017,"choked","choked_inner","2","choked_inner_2","Caprella.californica",12
2017,"choked","choked_inner","2","choked_inner_2","Caprella.laeviuscula",2
2017,"choked","choked_inner","2","choked_inner_2","Caprella.mutica",1
2017,"choked","choked_inner","2","choked_inner_2","Eulalia",2
2017,"choked","choked_inner","2","choked_inner_2","Gammaridea",202
2017,"choked","choked_inner","2","choked_inner_2","Harpacticoida",72
2017,"choked","choked_inner","2","choked_inner_2","Hyalidae",2
2017,"choked","choked_inner","2","choked_inner_2","Idoteidae",29
2017,"choked","choked_inner","2","choked_inner_2","Isaeidae",2
2017,"choked","choked_inner","2","choked_inner_2","Ischyroceridae",258
2017,"choked","choked_inner","2","choked_inner_2","Lacuna",111
2017,"choked","choked_inner","2","choked_inner_2","Micronereis",2
2017,"choked","choked_inner","2","choked_inner_2","Munnidae",1
2017,"choked","choked_inner","2","choked_inner_2","Mytilidae",2
2017,"choked","choked_inner","2","choked_inner_2","Nereididae",4
2017,"choked","choked_inner","2","choked_inner_2","Ostracoda",1
2017,"choked","choked_inner","2","choked_inner_2","Photis",5
2017,"choked","choked_inner","2","choked_inner_2","Phyllodoce",1
2017,"choked","choked_inner","2","choked_inner_2","Platynereis",6
2017,"choked","choked_inner","2","choked_inner_2","Pontogeneia.inermis",32
2017,"choked","choked_inner","2","choked_inner_2","Porcellidium",35
2017,"choked","choked_inner","2","choked_inner_2","Thoracica",5
2017,"choked","choked_inner","2","choked_inner_2","Thorlaksonius",4
2017,"choked","choked_inner","3","choked_inner_3","Ampithoidae",7
2017,"choked","choked_inner","3","choked_inner_3","Aoroides",2
2017,"choked","choked_inner","3","choked_inner_3","Caprella",41
2017,"choked","choked_inner","3","choked_inner_3","Caprella.californica",6
2017,"choked","choked_inner","3","choked_inner_3","Caprella.laeviuscula",2
2017,"choked","choked_inner","3","choked_inner_3","Eulalia",1
2017,"choked","choked_inner","3","choked_inner_3","Eusiroidea",1
2017,"choked","choked_inner","3","choked_inner_3","Exogone",1
2017,"choked","choked_inner","3","choked_inner_3","Gammaridea",90
2017,"choked","choked_inner","3","choked_inner_3","Harpacticoida",214
2017,"choked","choked_inner","3","choked_inner_3","Idoteidae",15
2017,"choked","choked_inner","3","choked_inner_3","Ischyroceridae",81
2017,"choked","choked_inner","3","choked_inner_3","Lacuna",102
2017,"choked","choked_inner","3","choked_inner_3","Lumbrineridae",1
2017,"choked","choked_inner","3","choked_inner_3","Micronereis",5
2017,"choked","choked_inner","3","choked_inner_3","Munnidae",1
2017,"choked","choked_inner","3","choked_inner_3","Mytilidae",6
2017,"choked","choked_inner","3","choked_inner_3","Ostracoda",3
2017,"choked","choked_inner","3","choked_inner_3","Photis",2
2017,"choked","choked_inner","3","choked_inner_3","Platynereis",3
2017,"choked","choked_inner","3","choked_inner_3","Polychaeta",1
2017,"choked","choked_inner","3","choked_inner_3","Pontogeneia.inermis",12
2017,"choked","choked_inner","3","choked_inner_3","Porcellidium",97
2017,"choked","choked_inner","3","choked_inner_3","Thoracica",2
2017,"choked","choked_inner","3","choked_inner_3","Thorlaksonius",1
2017,"choked","choked_inner","5","choked_inner_5","Ampithoidae",5
2017,"choked","choked_inner","5","choked_inner_5","Aoroides",10
2017,"choked","choked_inner","5","choked_inner_5","Caprella",28
2017,"choked","choked_inner","5","choked_inner_5","Caprella.californica",32
2017,"choked","choked_inner","5","choked_inner_5","Caprella.mutica",5
2017,"choked","choked_inner","5","choked_inner_5","Eulalia",1
2017,"choked","choked_inner","5","choked_inner_5","Eusiroidea",2
2017,"choked","choked_inner","5","choked_inner_5","Gammaridea",64
2017,"choked","choked_inner","5","choked_inner_5","Harpacticoida",45
2017,"choked","choked_inner","5","choked_inner_5","Hyalidae",1
2017,"choked","choked_inner","5","choked_inner_5","Idoteidae",54
2017,"choked","choked_inner","5","choked_inner_5","Isaeidae",2
2017,"choked","choked_inner","5","choked_inner_5","Ischyroceridae",63
2017,"choked","choked_inner","5","choked_inner_5","Lacuna",54
2017,"choked","choked_inner","5","choked_inner_5","Lirularia",8
2017,"choked","choked_inner","5","choked_inner_5","Lumbrineridae",1
2017,"choked","choked_inner","5","choked_inner_5","Micronereis",2
2017,"choked","choked_inner","5","choked_inner_5","Munnidae",1
2017,"choked","choked_inner","5","choked_inner_5","Mytilidae",3
2017,"choked","choked_inner","5","choked_inner_5","Ostracoda",1
2017,"choked","choked_inner","5","choked_inner_5","Photis",6
2017,"choked","choked_inner","5","choked_inner_5","Platynereis",3
2017,"choked","choked_inner","5","choked_inner_5","Podarkeopsis.glabrus",1
2017,"choked","choked_inner","5","choked_inner_5","Pontogeneia.inermis",8
2017,"choked","choked_inner","5","choked_inner_5","Porcellidium",33
2017,"choked","choked_inner","5","choked_inner_5","Protohyale",1
2017,"choked","choked_inner","5","choked_inner_5","Thoracica",1
2017,"choked","choked_inner","5","choked_inner_5","Thorlaksonius",1
2017,"choked","choked_inner","7","choked_inner_7","Amphissa",4
2017,"choked","choked_inner","7","choked_inner_7","Ampithoidae",1
2017,"choked","choked_inner","7","choked_inner_7","Aoroides",104
2017,"choked","choked_inner","7","choked_inner_7","Bivalvia",1
2017,"choked","choked_inner","7","choked_inner_7","Caprella",5
2017,"choked","choked_inner","7","choked_inner_7","Caprella.californica",8
2017,"choked","choked_inner","7","choked_inner_7","Caprella.laeviuscula",2
2017,"choked","choked_inner","7","choked_inner_7","Caprella.mutica",1
2017,"choked","choked_inner","7","choked_inner_7","Gammaridea",219
2017,"choked","choked_inner","7","choked_inner_7","Gammaropsis",1
2017,"choked","choked_inner","7","choked_inner_7","Haliclystidae",1
2017,"choked","choked_inner","7","choked_inner_7","Harpacticoida",7
2017,"choked","choked_inner","7","choked_inner_7","Idoteidae",26
2017,"choked","choked_inner","7","choked_inner_7","Isaeidae",18
2017,"choked","choked_inner","7","choked_inner_7","Ischyroceridae",295
2017,"choked","choked_inner","7","choked_inner_7","Lacuna",69
2017,"choked","choked_inner","7","choked_inner_7","Lumbrineridae",1
2017,"choked","choked_inner","7","choked_inner_7","Micronereis",2
2017,"choked","choked_inner","7","choked_inner_7","Nereididae",2
2017,"choked","choked_inner","7","choked_inner_7","Ostracoda",1
2017,"choked","choked_inner","7","choked_inner_7","Photis",10
2017,"choked","choked_inner","7","choked_inner_7","Phyllodocida",1
2017,"choked","choked_inner","7","choked_inner_7","Platynereis",6
2017,"choked","choked_inner","7","choked_inner_7","Pontogeneia.inermis",32
2017,"choked","choked_inner","7","choked_inner_7","Porcellidium",11
2017,"choked","choked_inner","7","choked_inner_7","Thoracica",2
2017,"choked","choked_inner","7","choked_inner_7","Thorlaksonius",4
2017,"choked","choked_inner","8","choked_inner_8","Amphissa",1
2017,"choked","choked_inner","8","choked_inner_8","Aoroides",13
2017,"choked","choked_inner","8","choked_inner_8","Caprella",14
2017,"choked","choked_inner","8","choked_inner_8","Caprella.californica",24
2017,"choked","choked_inner","8","choked_inner_8","Caprella.laeviuscula",10
2017,"choked","choked_inner","8","choked_inner_8","Eulalia",1
2017,"choked","choked_inner","8","choked_inner_8","Gammaridea",146
2017,"choked","choked_inner","8","choked_inner_8","Harpacticoida",36
2017,"choked","choked_inner","8","choked_inner_8","Hyalidae",1
2017,"choked","choked_inner","8","choked_inner_8","Idoteidae",18
2017,"choked","choked_inner","8","choked_inner_8","Ischyroceridae",122
2017,"choked","choked_inner","8","choked_inner_8","Lacuna",27
2017,"choked","choked_inner","8","choked_inner_8","Lirularia",1
2017,"choked","choked_inner","8","choked_inner_8","Micronereis",1
2017,"choked","choked_inner","8","choked_inner_8","Munnidae",1
2017,"choked","choked_inner","8","choked_inner_8","Mytilidae",4
2017,"choked","choked_inner","8","choked_inner_8","Nudibranchia",1
2017,"choked","choked_inner","8","choked_inner_8","Photis",4
2017,"choked","choked_inner","8","choked_inner_8","Platynereis",4
2017,"choked","choked_inner","8","choked_inner_8","Pontogeneia.inermis",6
2017,"choked","choked_inner","8","choked_inner_8","Porcellidium",41
2017,"choked","choked_inner","8","choked_inner_8","Terebellidae",3
2017,"choked","choked_inner","8","choked_inner_8","Thoracica",1
2017,"choked","choked_inner","8","choked_inner_8","Thorlaksonius",2
2017,"choked","choked_inner","9","choked_inner_9","Actiniidae",1
2017,"choked","choked_inner","9","choked_inner_9","Amphissa",2
2017,"choked","choked_inner","9","choked_inner_9","Amphiuridae",1
2017,"choked","choked_inner","9","choked_inner_9","Ampithoidae",49
2017,"choked","choked_inner","9","choked_inner_9","Aoroides",12
2017,"choked","choked_inner","9","choked_inner_9","Caprella",27
2017,"choked","choked_inner","9","choked_inner_9","Caprella.californica",3
2017,"choked","choked_inner","9","choked_inner_9","Eulalia",1
2017,"choked","choked_inner","9","choked_inner_9","Gammaridea",159
2017,"choked","choked_inner","9","choked_inner_9","Gammaropsis",2
2017,"choked","choked_inner","9","choked_inner_9","Haliclystidae",1
2017,"choked","choked_inner","9","choked_inner_9","Harpacticoida",11
2017,"choked","choked_inner","9","choked_inner_9","Hyalidae",1
2017,"choked","choked_inner","9","choked_inner_9","Idoteidae",24
2017,"choked","choked_inner","9","choked_inner_9","Isaeidae",60
2017,"choked","choked_inner","9","choked_inner_9","Ischyroceridae",11
2017,"choked","choked_inner","9","choked_inner_9","Lacuna",15
2017,"choked","choked_inner","9","choked_inner_9","Lirularia",1
2017,"choked","choked_inner","9","choked_inner_9","Lumbrineridae",4
2017,"choked","choked_inner","9","choked_inner_9","Micronereis",1
2017,"choked","choked_inner","9","choked_inner_9","Mytilidae",4
2017,"choked","choked_inner","9","choked_inner_9","Ostracoda",6
2017,"choked","choked_inner","9","choked_inner_9","Photis",6
2017,"choked","choked_inner","9","choked_inner_9","Phyllodocida",1
2017,"choked","choked_inner","9","choked_inner_9","Platynereis",5
2017,"choked","choked_inner","9","choked_inner_9","Pontogeneia.inermis",15
2017,"choked","choked_inner","9","choked_inner_9","Porcellidium",25
2017,"choked","choked_inner","9","choked_inner_9","Pugettia",1
2017,"choked","choked_inner","9","choked_inner_9","Stenothoidae",2
2017,"choked","choked_inner","9","choked_inner_9","Syllidae",1
2017,"choked","choked_inner","9","choked_inner_9","Terebellidae",1
2017,"choked","choked_inner","9","choked_inner_9","Thoracica",16
2017,"choked","choked_inner","9","choked_inner_9","Thorlaksonius",1
2017,"choked","choked_sandspit","1","choked_sandspit_1","Amphissa",2
2017,"choked","choked_sandspit","1","choked_sandspit_1","Ampithoidae",9
2017,"choked","choked_sandspit","1","choked_sandspit_1","Aoroides",67
2017,"choked","choked_sandspit","1","choked_sandspit_1","Bivalvia",2
2017,"choked","choked_sandspit","1","choked_sandspit_1","Caprella",1
2017,"choked","choked_sandspit","1","choked_sandspit_1","Cerithiidae",1
2017,"choked","choked_sandspit","1","choked_sandspit_1","Eusiroidea",1
2017,"choked","choked_sandspit","1","choked_sandspit_1","Gammaridea",250
2017,"choked","choked_sandspit","1","choked_sandspit_1","Harpacticoida",49
2017,"choked","choked_sandspit","1","choked_sandspit_1","Idoteidae",5
2017,"choked","choked_sandspit","1","choked_sandspit_1","Isaeidae",23
2017,"choked","choked_sandspit","1","choked_sandspit_1","Lacuna",31
2017,"choked","choked_sandspit","1","choked_sandspit_1","Leptochelia",119
2017,"choked","choked_sandspit","1","choked_sandspit_1","Lirularia",4
2017,"choked","choked_sandspit","1","choked_sandspit_1","Littorinimorpha",1
2017,"choked","choked_sandspit","1","choked_sandspit_1","Munnidae",1
2017,"choked","choked_sandspit","1","choked_sandspit_1","Mytilidae",18
2017,"choked","choked_sandspit","1","choked_sandspit_1","Nereididae",5
2017,"choked","choked_sandspit","1","choked_sandspit_1","Ostracoda",19
2017,"choked","choked_sandspit","1","choked_sandspit_1","Photis",11
2017,"choked","choked_sandspit","1","choked_sandspit_1","Phyllodocida",5
2017,"choked","choked_sandspit","1","choked_sandspit_1","Porcellidium",164
2017,"choked","choked_sandspit","1","choked_sandspit_1","Pugettia",3
2017,"choked","choked_sandspit","2","choked_sandspit_2","Actiniidae",2
2017,"choked","choked_sandspit","2","choked_sandspit_2","Ampithoidae",2
2017,"choked","choked_sandspit","2","choked_sandspit_2","Aoroides",12
2017,"choked","choked_sandspit","2","choked_sandspit_2","Corophiidae",6
2017,"choked","choked_sandspit","2","choked_sandspit_2","Eusiroidea",1
2017,"choked","choked_sandspit","2","choked_sandspit_2","Gammaridea",72
2017,"choked","choked_sandspit","2","choked_sandspit_2","Harpacticoida",37
2017,"choked","choked_sandspit","2","choked_sandspit_2","Hyalidae",1
2017,"choked","choked_sandspit","2","choked_sandspit_2","Idoteidae",2
2017,"choked","choked_sandspit","2","choked_sandspit_2","Isaeidae",12
2017,"choked","choked_sandspit","2","choked_sandspit_2","Lacuna",16
2017,"choked","choked_sandspit","2","choked_sandspit_2","Leptochelia",7
2017,"choked","choked_sandspit","2","choked_sandspit_2","Lirularia",1
2017,"choked","choked_sandspit","2","choked_sandspit_2","Munnidae",1
2017,"choked","choked_sandspit","2","choked_sandspit_2","Mytilidae",19
2017,"choked","choked_sandspit","2","choked_sandspit_2","Nereididae",1
2017,"choked","choked_sandspit","2","choked_sandspit_2","Phyllodocida",1
2017,"choked","choked_sandspit","2","choked_sandspit_2","Platynereis",1
2017,"choked","choked_sandspit","2","choked_sandspit_2","Porcellidium",118
2017,"choked","choked_sandspit","5","choked_sandspit_5","Actiniidae",2
2017,"choked","choked_sandspit","5","choked_sandspit_5","Ampithoidae",12
2017,"choked","choked_sandspit","5","choked_sandspit_5","Aoroides",82
2017,"choked","choked_sandspit","5","choked_sandspit_5","Caprella",5
2017,"choked","choked_sandspit","5","choked_sandspit_5","Cerithiidae",2
2017,"choked","choked_sandspit","5","choked_sandspit_5","Corophiidae",7
2017,"choked","choked_sandspit","5","choked_sandspit_5","Eusiroidea",12
2017,"choked","choked_sandspit","5","choked_sandspit_5","Gammaridea",694
2017,"choked","choked_sandspit","5","choked_sandspit_5","Harpacticoida",135
2017,"choked","choked_sandspit","5","choked_sandspit_5","Idoteidae",1
2017,"choked","choked_sandspit","5","choked_sandspit_5","Isaeidae",86
2017,"choked","choked_sandspit","5","choked_sandspit_5","Lacuna",25
2017,"choked","choked_sandspit","5","choked_sandspit_5","Leptochelia",202
2017,"choked","choked_sandspit","5","choked_sandspit_5","Lumbrineridae",8
2017,"choked","choked_sandspit","5","choked_sandspit_5","Munnidae",6
2017,"choked","choked_sandspit","5","choked_sandspit_5","Mytilidae",17
2017,"choked","choked_sandspit","5","choked_sandspit_5","Nereididae",10
2017,"choked","choked_sandspit","5","choked_sandspit_5","Ostracoda",25
2017,"choked","choked_sandspit","5","choked_sandspit_5","Phyllodocida",8
2017,"choked","choked_sandspit","5","choked_sandspit_5","Platynereis",1
2017,"choked","choked_sandspit","5","choked_sandspit_5","Porcellidium",321
2017,"choked","choked_sandspit","5","choked_sandspit_5","Syllidae",1
2017,"choked","choked_sandspit","6","choked_sandspit_6","Actiniidae",1
2017,"choked","choked_sandspit","6","choked_sandspit_6","Ampithoidae",3
2017,"choked","choked_sandspit","6","choked_sandspit_6","Aoroides",2
2017,"choked","choked_sandspit","6","choked_sandspit_6","Caprella.laeviuscula",1
2017,"choked","choked_sandspit","6","choked_sandspit_6","Eusiroidea",1
2017,"choked","choked_sandspit","6","choked_sandspit_6","Gammaridea",213
2017,"choked","choked_sandspit","6","choked_sandspit_6","Harpacticoida",111
2017,"choked","choked_sandspit","6","choked_sandspit_6","Idoteidae",2
2017,"choked","choked_sandspit","6","choked_sandspit_6","Isaeidae",1
2017,"choked","choked_sandspit","6","choked_sandspit_6","Ischyroceridae",58
2017,"choked","choked_sandspit","6","choked_sandspit_6","Lacuna",11
2017,"choked","choked_sandspit","6","choked_sandspit_6","Leptochelia",14
2017,"choked","choked_sandspit","6","choked_sandspit_6","Munnidae",1
2017,"choked","choked_sandspit","6","choked_sandspit_6","Mytilidae",8
2017,"choked","choked_sandspit","6","choked_sandspit_6","Nereididae",1
2017,"choked","choked_sandspit","6","choked_sandspit_6","Nudibranchia",2
2017,"choked","choked_sandspit","6","choked_sandspit_6","Photis",3
2017,"choked","choked_sandspit","6","choked_sandspit_6","Pontogeneia",3
2017,"choked","choked_sandspit","6","choked_sandspit_6","Pontogeneia.inermis",1
2017,"choked","choked_sandspit","6","choked_sandspit_6","Porcellidium",155
2017,"choked","choked_sandspit","8","choked_sandspit_8","Ampithoidae",17
2017,"choked","choked_sandspit","8","choked_sandspit_8","Aoroides",20
2017,"choked","choked_sandspit","8","choked_sandspit_8","Caprella",6
2017,"choked","choked_sandspit","8","choked_sandspit_8","Corophiidae",11
2017,"choked","choked_sandspit","8","choked_sandspit_8","Eusiroidea",9
2017,"choked","choked_sandspit","8","choked_sandspit_8","Gammaridea",278
2017,"choked","choked_sandspit","8","choked_sandspit_8","Harpacticoida",63
2017,"choked","choked_sandspit","8","choked_sandspit_8","Idoteidae",1
2017,"choked","choked_sandspit","8","choked_sandspit_8","Isaeidae",33
2017,"choked","choked_sandspit","8","choked_sandspit_8","Lacuna",26
2017,"choked","choked_sandspit","8","choked_sandspit_8","Leptochelia",4
2017,"choked","choked_sandspit","8","choked_sandspit_8","Lumbrineridae",1
2017,"choked","choked_sandspit","8","choked_sandspit_8","Mytilidae",18
2017,"choked","choked_sandspit","8","choked_sandspit_8","Nereididae",2
2017,"choked","choked_sandspit","8","choked_sandspit_8","Ostracoda",2
2017,"choked","choked_sandspit","8","choked_sandspit_8","Phyllodocida",1
2017,"choked","choked_sandspit","8","choked_sandspit_8","Porcellidium",111
2017,"choked","choked_sandspit","8","choked_sandspit_8","Pugettia",1
2017,"choked","choked_sandspit","8","choked_sandspit_8",NA,1
2017,"choked","choked_sandspit","9","choked_sandspit_9","Actiniidae",8
2017,"choked","choked_sandspit","9","choked_sandspit_9","Amphissa",1
2017,"choked","choked_sandspit","9","choked_sandspit_9","Ampithoidae",4
2017,"choked","choked_sandspit","9","choked_sandspit_9","Aoroides",8
2017,"choked","choked_sandspit","9","choked_sandspit_9","Caprella",1
2017,"choked","choked_sandspit","9","choked_sandspit_9","Eusiroidea",3
2017,"choked","choked_sandspit","9","choked_sandspit_9","Exogone",1
2017,"choked","choked_sandspit","9","choked_sandspit_9","Gammaridea",185
2017,"choked","choked_sandspit","9","choked_sandspit_9","Harpacticoida",33
2017,"choked","choked_sandspit","9","choked_sandspit_9","Hemipodia",2
2017,"choked","choked_sandspit","9","choked_sandspit_9","Hyalidae",1
2017,"choked","choked_sandspit","9","choked_sandspit_9","Idoteidae",1
2017,"choked","choked_sandspit","9","choked_sandspit_9","Isaeidae",12
2017,"choked","choked_sandspit","9","choked_sandspit_9","Ischyroceridae",79
2017,"choked","choked_sandspit","9","choked_sandspit_9","Lacuna",17
2017,"choked","choked_sandspit","9","choked_sandspit_9","Leptochelia",42
2017,"choked","choked_sandspit","9","choked_sandspit_9","Lirularia",1
2017,"choked","choked_sandspit","9","choked_sandspit_9","Lumbrineridae",5
2017,"choked","choked_sandspit","9","choked_sandspit_9","Munnidae",1
2017,"choked","choked_sandspit","9","choked_sandspit_9","Nereididae",2
2017,"choked","choked_sandspit","9","choked_sandspit_9","Ostracoda",4
2017,"choked","choked_sandspit","9","choked_sandspit_9","Photis",38
2017,"choked","choked_sandspit","9","choked_sandspit_9","Platynereis",8
2017,"choked","choked_sandspit","9","choked_sandspit_9","Polychaeta",1
2017,"choked","choked_sandspit","9","choked_sandspit_9","Pontogeneia",1
2017,"choked","choked_sandspit","9","choked_sandspit_9","Pontogeneia.inermis",4
2017,"choked","choked_sandspit","9","choked_sandspit_9","Porcellidium",75
2017,"pruth","pruth_pocket","2","pruth_pocket_2","Alia.carinata",1
2017,"pruth","pruth_pocket","2","pruth_pocket_2","Alvania.compacta",88
2017,"pruth","pruth_pocket","2","pruth_pocket_2","Ampithoidae",4
2017,"pruth","pruth_pocket","2","pruth_pocket_2","Aoroides",24
2017,"pruth","pruth_pocket","2","pruth_pocket_2","Bivalvia",3
2017,"pruth","pruth_pocket","2","pruth_pocket_2","Caprella",28
2017,"pruth","pruth_pocket","2","pruth_pocket_2","Caprella.laeviuscula",26
2017,"pruth","pruth_pocket","2","pruth_pocket_2","Gammaridea",17
2017,"pruth","pruth_pocket","2","pruth_pocket_2","Halacaridae",4
2017,"pruth","pruth_pocket","2","pruth_pocket_2","Harpacticoida",12
2017,"pruth","pruth_pocket","2","pruth_pocket_2","Idoteidae",2
2017,"pruth","pruth_pocket","2","pruth_pocket_2","Lacuna",29
2017,"pruth","pruth_pocket","2","pruth_pocket_2","Munnidae",6
2017,"pruth","pruth_pocket","2","pruth_pocket_2","Mytilidae",14
2017,"pruth","pruth_pocket","2","pruth_pocket_2","Ostracoda",3
2017,"pruth","pruth_pocket","2","pruth_pocket_2","Photis",14
2017,"pruth","pruth_pocket","2","pruth_pocket_2","Platynereis",1
2017,"pruth","pruth_pocket","2","pruth_pocket_2","Polychaeta",2
2017,"pruth","pruth_pocket","2","pruth_pocket_2","Porcellidium",1
2017,"pruth","pruth_pocket","2","pruth_pocket_2","Sthenelais",3
2017,"pruth","pruth_pocket","2","pruth_pocket_2","Syllidae",4
2017,"pruth","pruth_pocket","2","pruth_pocket_2","Thoracica",1
2017,"pruth","pruth_pocket","3","pruth_pocket_3","Alvania.compacta",33
2017,"pruth","pruth_pocket","3","pruth_pocket_3","Ampithoidae",7
2017,"pruth","pruth_pocket","3","pruth_pocket_3","Aoroides",7
2017,"pruth","pruth_pocket","3","pruth_pocket_3","Caprella",37
2017,"pruth","pruth_pocket","3","pruth_pocket_3","Caprella.laeviuscula",54
2017,"pruth","pruth_pocket","3","pruth_pocket_3","Chrysopetalidae",1
2017,"pruth","pruth_pocket","3","pruth_pocket_3","Gammaridea",18
2017,"pruth","pruth_pocket","3","pruth_pocket_3","Halacaridae",1
2017,"pruth","pruth_pocket","3","pruth_pocket_3","Harpacticoida",31
2017,"pruth","pruth_pocket","3","pruth_pocket_3","Ischyroceridae",1
2017,"pruth","pruth_pocket","3","pruth_pocket_3","Lacuna",8
2017,"pruth","pruth_pocket","3","pruth_pocket_3","Munnidae",3
2017,"pruth","pruth_pocket","3","pruth_pocket_3","Mytilidae",5
2017,"pruth","pruth_pocket","3","pruth_pocket_3","Nereididae",1
2017,"pruth","pruth_pocket","3","pruth_pocket_3","Ostracoda",10
2017,"pruth","pruth_pocket","3","pruth_pocket_3","Paguridae",1
2017,"pruth","pruth_pocket","3","pruth_pocket_3","Photis",1
2017,"pruth","pruth_pocket","3","pruth_pocket_3","Platynereis",5
2017,"pruth","pruth_pocket","3","pruth_pocket_3","Polychaeta",2
2017,"pruth","pruth_pocket","3","pruth_pocket_3","Pontogeneia.inermis",1
2017,"pruth","pruth_pocket","3","pruth_pocket_3","Porcellidium",8
2017,"pruth","pruth_pocket","3","pruth_pocket_3","Pugettia",3
2017,"pruth","pruth_pocket","3","pruth_pocket_3","Sthenelais",4
2017,"pruth","pruth_pocket","3","pruth_pocket_3","Syllidae",1
2017,"pruth","pruth_pocket","4","pruth_pocket_4","Alvania.compacta",216
2017,"pruth","pruth_pocket","4","pruth_pocket_4","Ampithoidae",19
2017,"pruth","pruth_pocket","4","pruth_pocket_4","Aoroides",21
2017,"pruth","pruth_pocket","4","pruth_pocket_4","Bivalvia",5
2017,"pruth","pruth_pocket","4","pruth_pocket_4","Caprella",15
2017,"pruth","pruth_pocket","4","pruth_pocket_4","Caprella.laeviuscula",35
2017,"pruth","pruth_pocket","4","pruth_pocket_4","Corophiidae",1
2017,"pruth","pruth_pocket","4","pruth_pocket_4","Eusiroidea",1
2017,"pruth","pruth_pocket","4","pruth_pocket_4","Gammaridea",25
2017,"pruth","pruth_pocket","4","pruth_pocket_4","Halacaridae",3
2017,"pruth","pruth_pocket","4","pruth_pocket_4","Harpacticoida",38
2017,"pruth","pruth_pocket","4","pruth_pocket_4","Idoteidae",2
2017,"pruth","pruth_pocket","4","pruth_pocket_4","Ischyroceridae",3
2017,"pruth","pruth_pocket","4","pruth_pocket_4","Lacuna",30
2017,"pruth","pruth_pocket","4","pruth_pocket_4","Munnidae",3
2017,"pruth","pruth_pocket","4","pruth_pocket_4","Mytilidae",6
2017,"pruth","pruth_pocket","4","pruth_pocket_4","Nereididae",2
2017,"pruth","pruth_pocket","4","pruth_pocket_4","Ostracoda",22
2017,"pruth","pruth_pocket","4","pruth_pocket_4","Photis",2
2017,"pruth","pruth_pocket","4","pruth_pocket_4","Platynereis",1
2017,"pruth","pruth_pocket","4","pruth_pocket_4","Polychaeta",2
2017,"pruth","pruth_pocket","4","pruth_pocket_4","Pontogeneia.inermis",9
2017,"pruth","pruth_pocket","4","pruth_pocket_4","Porcellidium",1
2017,"pruth","pruth_pocket","4","pruth_pocket_4","Rissoidae",1
2017,"pruth","pruth_pocket","4","pruth_pocket_4","Sthenelais",2
2017,"pruth","pruth_pocket","4","pruth_pocket_4","Terebellidae",1
2017,"pruth","pruth_pocket","4","pruth_pocket_4","Thorlaksonius",1
2017,"triquet","triquet_north","1","triquet_north_1","Amphissa",4
2017,"triquet","triquet_north","1","triquet_north_1","Caprella",5
2017,"triquet","triquet_north","1","triquet_north_1","Caprella.californica",4
2017,"triquet","triquet_north","1","triquet_north_1","Caprella.laeviuscula",6
2017,"triquet","triquet_north","1","triquet_north_1","Cerithiidae",1
2017,"triquet","triquet_north","1","triquet_north_1","Gammaridea",24
2017,"triquet","triquet_north","1","triquet_north_1","Harpacticoida",30
2017,"triquet","triquet_north","1","triquet_north_1","Hesionidae",2
2017,"triquet","triquet_north","1","triquet_north_1","Isaeidae",1
2017,"triquet","triquet_north","1","triquet_north_1","Ischyroceridae",5
2017,"triquet","triquet_north","1","triquet_north_1","Lacuna",7
2017,"triquet","triquet_north","1","triquet_north_1","Leptochelia",25
2017,"triquet","triquet_north","1","triquet_north_1","Lirularia",1
2017,"triquet","triquet_north","1","triquet_north_1","Lumbrineridae",3
2017,"triquet","triquet_north","1","triquet_north_1","Munnidae",3
2017,"triquet","triquet_north","1","triquet_north_1","Nudibranchia",1
2017,"triquet","triquet_north","1","triquet_north_1","Ostracoda",1
2017,"triquet","triquet_north","1","triquet_north_1","Photis",3
2017,"triquet","triquet_north","1","triquet_north_1","Phyllodocida",3
2017,"triquet","triquet_north","1","triquet_north_1","Platynereis",3
2017,"triquet","triquet_north","1","triquet_north_1","Porcellidium",39
2017,"triquet","triquet_north","1","triquet_north_1","Thoracica",3
2017,"triquet","triquet_north","2","triquet_north_2","Actiniidae",1
2017,"triquet","triquet_north","2","triquet_north_2","Amphissa",9
2017,"triquet","triquet_north","2","triquet_north_2","Caprella",6
2017,"triquet","triquet_north","2","triquet_north_2","Caprella.californica",3
2017,"triquet","triquet_north","2","triquet_north_2","Cerithiidae",1
2017,"triquet","triquet_north","2","triquet_north_2","Exogone",3
2017,"triquet","triquet_north","2","triquet_north_2","Gammaridea",14
2017,"triquet","triquet_north","2","triquet_north_2","Harpacticoida",13
2017,"triquet","triquet_north","2","triquet_north_2","Isaeidae",1
2017,"triquet","triquet_north","2","triquet_north_2","Ischyroceridae",1
2017,"triquet","triquet_north","2","triquet_north_2","Lacuna",7
2017,"triquet","triquet_north","2","triquet_north_2","Leptochelia",29
2017,"triquet","triquet_north","2","triquet_north_2","Lirularia",1
2017,"triquet","triquet_north","2","triquet_north_2","Lottiidae",1
2017,"triquet","triquet_north","2","triquet_north_2","Lumbrineridae",7
2017,"triquet","triquet_north","2","triquet_north_2","Micronereis",1
2017,"triquet","triquet_north","2","triquet_north_2","Munnidae",5
2017,"triquet","triquet_north","2","triquet_north_2","Mytilidae",1
2017,"triquet","triquet_north","2","triquet_north_2","Nereididae",3
2017,"triquet","triquet_north","2","triquet_north_2","Ostracoda",1
2017,"triquet","triquet_north","2","triquet_north_2","Photis",7
2017,"triquet","triquet_north","2","triquet_north_2","Platynereis",10
2017,"triquet","triquet_north","2","triquet_north_2","Porcellidium",41
2017,"triquet","triquet_north","4","triquet_north_4","Amphissa",3
2017,"triquet","triquet_north","4","triquet_north_4","Ampithoidae",3
2017,"triquet","triquet_north","4","triquet_north_4","Aoroides",6
2017,"triquet","triquet_north","4","triquet_north_4","Caprella",28
2017,"triquet","triquet_north","4","triquet_north_4","Caprella.californica",6
2017,"triquet","triquet_north","4","triquet_north_4","Caprella.laeviuscula",2
2017,"triquet","triquet_north","4","triquet_north_4","Eusiroidea",4
2017,"triquet","triquet_north","4","triquet_north_4","Exogone",1
2017,"triquet","triquet_north","4","triquet_north_4","Gammaridea",64
2017,"triquet","triquet_north","4","triquet_north_4","Harpacticoida",33
2017,"triquet","triquet_north","4","triquet_north_4","Hemipodia",1
2017,"triquet","triquet_north","4","triquet_north_4","Hesionidae",2
2017,"triquet","triquet_north","4","triquet_north_4","Ischyroceridae",3
2017,"triquet","triquet_north","4","triquet_north_4","Lacuna",28
2017,"triquet","triquet_north","4","triquet_north_4","Leptochelia",25
2017,"triquet","triquet_north","4","triquet_north_4","Lirularia",9
2017,"triquet","triquet_north","4","triquet_north_4","Lumbrineridae",3
2017,"triquet","triquet_north","4","triquet_north_4","Munnidae",29
2017,"triquet","triquet_north","4","triquet_north_4","Mytilidae",2
2017,"triquet","triquet_north","4","triquet_north_4","Nereididae",3
2017,"triquet","triquet_north","4","triquet_north_4","Ostracoda",1
2017,"triquet","triquet_north","4","triquet_north_4","Photis",4
2017,"triquet","triquet_north","4","triquet_north_4","Platynereis",5
2017,"triquet","triquet_north","4","triquet_north_4","Pontogeneia.inermis",1
2017,"triquet","triquet_north","4","triquet_north_4","Porcellidium",16
2017,"triquet","triquet_north","5","triquet_north_5","Amphissa",1
2017,"triquet","triquet_north","5","triquet_north_5","Amphiuridae",1
2017,"triquet","triquet_north","5","triquet_north_5","Caprella",13
2017,"triquet","triquet_north","5","triquet_north_5","Caprella.californica",4
2017,"triquet","triquet_north","5","triquet_north_5","Caprella.laeviuscula",3
2017,"triquet","triquet_north","5","triquet_north_5","Cerithiidae",5
2017,"triquet","triquet_north","5","triquet_north_5","Eusiroidea",1
2017,"triquet","triquet_north","5","triquet_north_5","Gammaridea",40
2017,"triquet","triquet_north","5","triquet_north_5","Gammaropsis",1
2017,"triquet","triquet_north","5","triquet_north_5","Harpacticoida",27
2017,"triquet","triquet_north","5","triquet_north_5","Hesionidae",1
2017,"triquet","triquet_north","5","triquet_north_5","Ischyroceridae",5
2017,"triquet","triquet_north","5","triquet_north_5","Lacuna",1
2017,"triquet","triquet_north","5","triquet_north_5","Leptochelia",32
2017,"triquet","triquet_north","5","triquet_north_5","Lirularia",2
2017,"triquet","triquet_north","5","triquet_north_5","Lumbrineridae",1
2017,"triquet","triquet_north","5","triquet_north_5","Munnidae",12
2017,"triquet","triquet_north","5","triquet_north_5","Mytilidae",1
2017,"triquet","triquet_north","5","triquet_north_5","Nereididae",7
2017,"triquet","triquet_north","5","triquet_north_5","Ostracoda",2
2017,"triquet","triquet_north","5","triquet_north_5","Photis",4
2017,"triquet","triquet_north","5","triquet_north_5","Podarkeopsis.glabrus",1
2017,"triquet","triquet_north","5","triquet_north_5","Pontogeneia.inermis",1
2017,"triquet","triquet_north","5","triquet_north_5","Porcellidium",69
2017,"triquet","triquet_north","5","triquet_north_5","Syllidae",1
2017,"triquet","triquet_north","6","triquet_north_6","Amphissa",1
2017,"triquet","triquet_north","6","triquet_north_6","Caprella",1
2017,"triquet","triquet_north","6","triquet_north_6","Cerithiidae",9
2017,"triquet","triquet_north","6","triquet_north_6","Exogone",3
2017,"triquet","triquet_north","6","triquet_north_6","Gammaridea",11
2017,"triquet","triquet_north","6","triquet_north_6","Harpacticoida",16
2017,"triquet","triquet_north","6","triquet_north_6","Hemipodia",1
2017,"triquet","triquet_north","6","triquet_north_6","Hyalidae",1
2017,"triquet","triquet_north","6","triquet_north_6","Ischyroceridae",1
2017,"triquet","triquet_north","6","triquet_north_6","Lacuna",5
2017,"triquet","triquet_north","6","triquet_north_6","Leptochelia",53
2017,"triquet","triquet_north","6","triquet_north_6","Lirularia",2
2017,"triquet","triquet_north","6","triquet_north_6","Lumbrineridae",6
2017,"triquet","triquet_north","6","triquet_north_6","Nereididae",4
2017,"triquet","triquet_north","6","triquet_north_6","Photis",14
2017,"triquet","triquet_north","6","triquet_north_6","Platynereis",4
2017,"triquet","triquet_north","6","triquet_north_6","Porcellidium",11
2017,"triquet","triquet_north","6","triquet_north_6","Syllidae",1
2017,"triquet","triquet_north","8","triquet_north_8","Amphissa",5
2017,"triquet","triquet_north","8","triquet_north_8","Ampithoidae",1
2017,"triquet","triquet_north","8","triquet_north_8","Caprella",92
2017,"triquet","triquet_north","8","triquet_north_8","Caprella.californica",18
2017,"triquet","triquet_north","8","triquet_north_8","Caprella.laeviuscula",14
2017,"triquet","triquet_north","8","triquet_north_8","Gammaridea",76
2017,"triquet","triquet_north","8","triquet_north_8","Harpacticoida",72
2017,"triquet","triquet_north","8","triquet_north_8","Ischyroceridae",12
2017,"triquet","triquet_north","8","triquet_north_8","Lacuna",27
2017,"triquet","triquet_north","8","triquet_north_8","Leptochelia",5
2017,"triquet","triquet_north","8","triquet_north_8","Lirularia",2
2017,"triquet","triquet_north","8","triquet_north_8","Lottiidae",1
2017,"triquet","triquet_north","8","triquet_north_8","Munnidae",13
2017,"triquet","triquet_north","8","triquet_north_8","Mytilidae",1
2017,"triquet","triquet_north","8","triquet_north_8","Nereididae",10
2017,"triquet","triquet_north","8","triquet_north_8","Nudibranchia",5
2017,"triquet","triquet_north","8","triquet_north_8","Ostracoda",1
2017,"triquet","triquet_north","8","triquet_north_8","Photis",7
2017,"triquet","triquet_north","8","triquet_north_8","Phyllodocida",3
2017,"triquet","triquet_north","8","triquet_north_8","Polychaeta",1
2017,"triquet","triquet_north","8","triquet_north_8","Pontogeneia",2
2017,"triquet","triquet_north","8","triquet_north_8","Porcellidium",52
2017,"triquet","triquet_north","8","triquet_north_8","Syllidae",3
2017,"triquet","triquet_north","8","triquet_north_8","Thoracica",1
2017,"triquet","triquet_south","2","triquet_south_2","Aoroides",9
2017,"triquet","triquet_south","2","triquet_south_2","Caprella",7
2017,"triquet","triquet_south","2","triquet_south_2","Caprella.californica",34
2017,"triquet","triquet_south","2","triquet_south_2","Corophiidae",1
2017,"triquet","triquet_south","2","triquet_south_2","Exogone",7
2017,"triquet","triquet_south","2","triquet_south_2","Gammaridea",48
2017,"triquet","triquet_south","2","triquet_south_2","Harpacticoida",59
2017,"triquet","triquet_south","2","triquet_south_2","Isaeidae",2
2017,"triquet","triquet_south","2","triquet_south_2","Ischyroceridae",11
2017,"triquet","triquet_south","2","triquet_south_2","Lacuna",8
2017,"triquet","triquet_south","2","triquet_south_2","Leptochelia",184
2017,"triquet","triquet_south","2","triquet_south_2","Lumbrineridae",1
2017,"triquet","triquet_south","2","triquet_south_2","Monocorophium",2
2017,"triquet","triquet_south","2","triquet_south_2","Mytilidae",1
2017,"triquet","triquet_south","2","triquet_south_2","Nereididae",7
2017,"triquet","triquet_south","2","triquet_south_2","Ostracoda",8
2017,"triquet","triquet_south","2","triquet_south_2","Photis",22
2017,"triquet","triquet_south","2","triquet_south_2","Platynereis",12
2017,"triquet","triquet_south","2","triquet_south_2","Polychaeta",3
2017,"triquet","triquet_south","2","triquet_south_2","Porcellidium",76
2017,"triquet","triquet_south","3","triquet_south_3","Aoroides",4
2017,"triquet","triquet_south","3","triquet_south_3","Caprella",20
2017,"triquet","triquet_south","3","triquet_south_3","Caprella.californica",30
2017,"triquet","triquet_south","3","triquet_south_3","Exogone",4
2017,"triquet","triquet_south","3","triquet_south_3","Gammaridea",18
2017,"triquet","triquet_south","3","triquet_south_3","Harpacticoida",24
2017,"triquet","triquet_south","3","triquet_south_3","Hemipodia",4
2017,"triquet","triquet_south","3","triquet_south_3","Ischyroceridae",1
2017,"triquet","triquet_south","3","triquet_south_3","Lacuna",4
2017,"triquet","triquet_south","3","triquet_south_3","Leptochelia",95
2017,"triquet","triquet_south","3","triquet_south_3","Monocorophium",4
2017,"triquet","triquet_south","3","triquet_south_3","Nereididae",1
2017,"triquet","triquet_south","3","triquet_south_3","Photis",20
2017,"triquet","triquet_south","3","triquet_south_3","Phyllodocida",2
2017,"triquet","triquet_south","3","triquet_south_3","Platynereis",5
2017,"triquet","triquet_south","3","triquet_south_3","Polychaeta",1
2017,"triquet","triquet_south","3","triquet_south_3","Porcellidium",26
2017,"triquet","triquet_south","3","triquet_south_3","Thorlaksonius",1
2017,"triquet","triquet_south","4","triquet_south_4","Amphissa",2
2017,"triquet","triquet_south","4","triquet_south_4","Aoroides",8
2017,"triquet","triquet_south","4","triquet_south_4","Ascidiacea",2
2017,"triquet","triquet_south","4","triquet_south_4","Caprella",6
2017,"triquet","triquet_south","4","triquet_south_4","Caprella.californica",9
2017,"triquet","triquet_south","4","triquet_south_4","Cerithiidae",1
2017,"triquet","triquet_south","4","triquet_south_4","Gammaridea",17
2017,"triquet","triquet_south","4","triquet_south_4","Halacaridae",1
2017,"triquet","triquet_south","4","triquet_south_4","Harpacticoida",23
2017,"triquet","triquet_south","4","triquet_south_4","Ischyroceridae",6
2017,"triquet","triquet_south","4","triquet_south_4","Lacuna",4
2017,"triquet","triquet_south","4","triquet_south_4","Leptochelia",60
2017,"triquet","triquet_south","4","triquet_south_4","Monocorophium",2
2017,"triquet","triquet_south","4","triquet_south_4","Ostracoda",1
2017,"triquet","triquet_south","4","triquet_south_4","Photis",16
2017,"triquet","triquet_south","4","triquet_south_4","Platynereis",13
2017,"triquet","triquet_south","4","triquet_south_4","Porcellidium",80
2017,"triquet","triquet_south","4","triquet_south_4","Pugettia",2
2017,"triquet","triquet_south","5","triquet_south_5","Caprella",40
2017,"triquet","triquet_south","5","triquet_south_5","Caprella.californica",41
2017,"triquet","triquet_south","5","triquet_south_5","Caprella.laeviuscula",1
2017,"triquet","triquet_south","5","triquet_south_5","Exogone",2
2017,"triquet","triquet_south","5","triquet_south_5","Gammaridea",27
2017,"triquet","triquet_south","5","triquet_south_5","Harpacticoida",25
2017,"triquet","triquet_south","5","triquet_south_5","Hemipodia",4
2017,"triquet","triquet_south","5","triquet_south_5","Ischyroceridae",4
2017,"triquet","triquet_south","5","triquet_south_5","Lacuna",6
2017,"triquet","triquet_south","5","triquet_south_5","Leptochelia",82
2017,"triquet","triquet_south","5","triquet_south_5","Lumbrineridae",3
2017,"triquet","triquet_south","5","triquet_south_5","Mytilidae",1
2017,"triquet","triquet_south","5","triquet_south_5","Nereididae",1
2017,"triquet","triquet_south","5","triquet_south_5","Ostracoda",13
2017,"triquet","triquet_south","5","triquet_south_5","Photis",13
2017,"triquet","triquet_south","5","triquet_south_5","Platynereis",13
2017,"triquet","triquet_south","5","triquet_south_5","Polychaeta",2
2017,"triquet","triquet_south","5","triquet_south_5","Porcellidium",136
2017,"triquet","triquet_south","8","triquet_south_8","Amphissa",1
2017,"triquet","triquet_south","8","triquet_south_8","Ampithoidae",5
2017,"triquet","triquet_south","8","triquet_south_8","Aoroides",18
2017,"triquet","triquet_south","8","triquet_south_8","Caprella",7
2017,"triquet","triquet_south","8","triquet_south_8","Caprella.californica",8
2017,"triquet","triquet_south","8","triquet_south_8","Caprella.laeviuscula",3
2017,"triquet","triquet_south","8","triquet_south_8","Exogone",4
2017,"triquet","triquet_south","8","triquet_south_8","Gammaridea",38
2017,"triquet","triquet_south","8","triquet_south_8","Gammaropsis",1
2017,"triquet","triquet_south","8","triquet_south_8","Harpacticoida",42
2017,"triquet","triquet_south","8","triquet_south_8","Hemipodia",1
2017,"triquet","triquet_south","8","triquet_south_8","Isaeidae",1
2017,"triquet","triquet_south","8","triquet_south_8","Ischyroceridae",6
2017,"triquet","triquet_south","8","triquet_south_8","Lacuna",7
2017,"triquet","triquet_south","8","triquet_south_8","Leptochelia",151
2017,"triquet","triquet_south","8","triquet_south_8","Lumbrineridae",2
2017,"triquet","triquet_south","8","triquet_south_8","Munnidae",1
2017,"triquet","triquet_south","8","triquet_south_8","Nereididae",3
2017,"triquet","triquet_south","8","triquet_south_8","Ostracoda",3
2017,"triquet","triquet_south","8","triquet_south_8","Photis",8
2017,"triquet","triquet_south","8","triquet_south_8","Platynereis",5
2017,"triquet","triquet_south","8","triquet_south_8","Polychaeta",1
2017,"triquet","triquet_south","8","triquet_south_8","Pontogeneia.inermis",1
2017,"triquet","triquet_south","8","triquet_south_8","Porcellidium",77
2017,"triquet","triquet_south","8","triquet_south_8","Pugettia",1
2017,"triquet","triquet_south","8","triquet_south_8","Syllidae",1
2017,"triquet","triquet_south","9","triquet_south_9","Actiniidae",1
2017,"triquet","triquet_south","9","triquet_south_9","Amphissa",1
2017,"triquet","triquet_south","9","triquet_south_9","Aoroides",2
2017,"triquet","triquet_south","9","triquet_south_9","Ascidiacea",1
2017,"triquet","triquet_south","9","triquet_south_9","Caprella",30
2017,"triquet","triquet_south","9","triquet_south_9","Caprella.californica",37
2017,"triquet","triquet_south","9","triquet_south_9","Caprella.laeviuscula",7
2017,"triquet","triquet_south","9","triquet_south_9","Exogone",1
2017,"triquet","triquet_south","9","triquet_south_9","Gammaridea",7
2017,"triquet","triquet_south","9","triquet_south_9","Halacaridae",2
2017,"triquet","triquet_south","9","triquet_south_9","Harpacticoida",40
2017,"triquet","triquet_south","9","triquet_south_9","Ischyroceridae",6
2017,"triquet","triquet_south","9","triquet_south_9","Lacuna",6
2017,"triquet","triquet_south","9","triquet_south_9","Leptochelia",79
2017,"triquet","triquet_south","9","triquet_south_9","Lumbrineridae",3
2017,"triquet","triquet_south","9","triquet_south_9","Munnidae",1
2017,"triquet","triquet_south","9","triquet_south_9","Mytilidae",1
2017,"triquet","triquet_south","9","triquet_south_9","Nereididae",1
2017,"triquet","triquet_south","9","triquet_south_9","Ostracoda",9
2017,"triquet","triquet_south","9","triquet_south_9","Photis",8
2017,"triquet","triquet_south","9","triquet_south_9","Phyllodocida",9
2017,"triquet","triquet_south","9","triquet_south_9","Platynereis",8
2017,"triquet","triquet_south","9","triquet_south_9","Pontogeneia",2
2017,"triquet","triquet_south","9","triquet_south_9","Porcellidium",118
